Condition,Model,Sample,Actual,Predicted
35Hz12kN,Random Forest,0,0.9990669073367,0.8601333156031223
35Hz12kN,Random Forest,1,0.9985836882235374,0.8604185544709698
35Hz12kN,Random Forest,2,0.9984604687621561,0.8600611432764814
35Hz12kN,Random Forest,3,0.9982159552888545,0.8594337971081017
35Hz12kN,Random Forest,4,0.9982209393272201,0.8610623729127401
35Hz12kN,Random Forest,5,0.9980917873333588,0.8663372863122867
35Hz12kN,Random Forest,6,0.9983545367426132,0.8580187809545535
35Hz12kN,Random Forest,7,0.9979132290937184,0.8545904202682424
35Hz12kN,Random Forest,8,0.9982056690951537,0.8563770791928002
35Hz12kN,Random Forest,9,0.9977463513010371,0.8542910179670408
35Hz12kN,Random Forest,10,0.9978283075080678,0.8588453243351235
35Hz12kN,Random Forest,11,0.9976896154894653,0.8587997967970088
35Hz12kN,Random Forest,12,0.9979122328862147,0.8550756738685258
35Hz12kN,Random Forest,13,0.9975064631185248,0.8550521667085195
35Hz12kN,Random Forest,14,0.997428351675808,0.8554432211603216
35Hz12kN,Random Forest,15,0.9969167443286342,0.8533392786776554
35Hz12kN,Random Forest,16,0.9965187286565568,0.8475180654743946
35Hz12kN,Random Forest,17,0.9953999400865203,0.8453257666502356
35Hz12kN,Random Forest,18,0.9949047751962757,0.8499676524568935
35Hz12kN,Random Forest,19,0.9939856392986496,0.8489765307561505
35Hz12kN,Random Forest,20,0.992930351464496,0.8461686073385826
35Hz12kN,Random Forest,21,0.9914180757234913,0.8442830702687062
35Hz12kN,Random Forest,22,0.9857805832424769,0.8478086078207706
35Hz12kN,Random Forest,23,0.969093449034846,0.8493099954180835
35Hz12kN,Random Forest,24,0.9440573242145817,0.8516055543282761
35Hz12kN,Random Forest,25,0.9270938405818109,0.8396465386087153
35Hz12kN,Random Forest,26,0.9116976087989169,0.8020403736081032
35Hz12kN,Random Forest,27,0.8686657714519017,0.7708486030749575
35Hz12kN,Random Forest,28,0.8130247191186688,0.7709747875869739
35Hz12kN,Random Forest,29,0.7874373849477084,0.7620920853688208
35Hz12kN,Random Forest,30,0.7346902965549921,0.7111675313562656
35Hz12kN,Random Forest,31,0.6861011491591293,0.5801286716524585
35Hz12kN,Random Forest,32,0.661918997052761,0.6268994100933754
35Hz12kN,Random Forest,33,0.6554650540736766,0.5543932654468181
35Hz12kN,Random Forest,34,0.6207774770922778,0.5365228723389097
35Hz12kN,Random Forest,35,0.6053961524545054,0.5201649231035341
35Hz12kN,Random Forest,36,0.5719382708257585,0.47972269235560655
35Hz12kN,Random Forest,37,0.5457266524010613,0.5112312074421823
35Hz12kN,Random Forest,38,0.46917703833762914,0.5314198438964909
35Hz12kN,Random Forest,39,0.3561023259135859,0.5257404401103185
35Hz12kN,Random Forest,40,0.3039076238081958,0.49522331907578687
35Hz12kN,Random Forest,41,0.2380646883160877,0.4912682989032203
35Hz12kN,BiLSTM,0,0.9990669073367,0.9711679816246033
35Hz12kN,BiLSTM,1,0.9985836882235374,0.9707092642784119
35Hz12kN,BiLSTM,2,0.9984604687621561,0.9703271985054016
35Hz12kN,BiLSTM,3,0.9982159552888545,0.970195472240448
35Hz12kN,BiLSTM,4,0.9982209393272201,0.9698778986930847
35Hz12kN,BiLSTM,5,0.9980917873333588,0.9698235988616943
35Hz12kN,BiLSTM,6,0.9983545367426132,0.9699705839157104
35Hz12kN,BiLSTM,7,0.9979132290937184,0.9701480865478516
35Hz12kN,BiLSTM,8,0.9982056690951537,0.9705095291137695
35Hz12kN,BiLSTM,9,0.9977463513010371,0.9706993103027344
35Hz12kN,BiLSTM,10,0.9978283075080678,0.970792829990387
35Hz12kN,BiLSTM,11,0.9976896154894653,0.9704709649085999
35Hz12kN,BiLSTM,12,0.9979122328862147,0.9705932140350342
35Hz12kN,BiLSTM,13,0.9975064631185248,0.9699043035507202
35Hz12kN,BiLSTM,14,0.997428351675808,0.9695398211479187
35Hz12kN,BiLSTM,15,0.9969167443286342,0.9692328572273254
35Hz12kN,BiLSTM,16,0.9965187286565568,0.9701209664344788
35Hz12kN,BiLSTM,17,0.9953999400865203,0.9706926345825195
35Hz12kN,BiLSTM,18,0.9949047751962757,0.9711188673973083
35Hz12kN,BiLSTM,19,0.9939856392986496,0.9666463732719421
35Hz12kN,BiLSTM,20,0.992930351464496,0.9675469398498535
35Hz12kN,BiLSTM,21,0.9914180757234913,0.9687039852142334
35Hz12kN,BiLSTM,22,0.9857805832424769,0.9654998183250427
35Hz12kN,BiLSTM,23,0.969093449034846,0.9667164087295532
35Hz12kN,BiLSTM,24,0.9440573242145817,0.9632797837257385
35Hz12kN,BiLSTM,25,0.9270938405818109,0.9547780156135559
35Hz12kN,BiLSTM,26,0.9116976087989169,0.9338124990463257
35Hz12kN,BiLSTM,27,0.8686657714519017,0.8999914526939392
35Hz12kN,BiLSTM,28,0.8130247191186688,0.8793612718582153
35Hz12kN,BiLSTM,29,0.7874373849477084,0.8591047525405884
35Hz12kN,BiLSTM,30,0.7346902965549921,0.7856561541557312
35Hz12kN,BiLSTM,31,0.6861011491591293,0.6520837545394897
35Hz12kN,BiLSTM,32,0.661918997052761,0.5687814354896545
35Hz12kN,BiLSTM,33,0.6554650540736766,0.46453791856765747
35Hz12kN,BiLSTM,34,0.6207774770922778,0.47104158997535706
35Hz12kN,BiLSTM,35,0.6053961524545054,0.47374147176742554
35Hz12kN,BiLSTM,36,0.5719382708257585,0.4843096137046814
35Hz12kN,BiLSTM,37,0.5457266524010613,0.5087919235229492
35Hz12kN,BiLSTM,38,0.46917703833762914,0.5030114054679871
35Hz12kN,BiLSTM,39,0.3561023259135859,0.4603919982910156
35Hz12kN,BiLSTM,40,0.3039076238081958,0.47442781925201416
35Hz12kN,BiLSTM,41,0.2380646883160877,0.27553319931030273
35Hz12kN,CNN-BiLSTM,0,0.9990669073367,0.9702678918838501
35Hz12kN,CNN-BiLSTM,1,0.9985836882235374,0.9703363180160522
35Hz12kN,CNN-BiLSTM,2,0.9984604687621561,0.9698705673217773
35Hz12kN,CNN-BiLSTM,3,0.9982159552888545,0.9683489203453064
35Hz12kN,CNN-BiLSTM,4,0.9982209393272201,0.9684191346168518
35Hz12kN,CNN-BiLSTM,5,0.9980917873333588,0.9664235711097717
35Hz12kN,CNN-BiLSTM,6,0.9983545367426132,0.9661287069320679
35Hz12kN,CNN-BiLSTM,7,0.9979132290937184,0.967380940914154
35Hz12kN,CNN-BiLSTM,8,0.9982056690951537,0.9660878777503967
35Hz12kN,CNN-BiLSTM,9,0.9977463513010371,0.9653825759887695
35Hz12kN,CNN-BiLSTM,10,0.9978283075080678,0.964851438999176
35Hz12kN,CNN-BiLSTM,11,0.9976896154894653,0.9654253125190735
35Hz12kN,CNN-BiLSTM,12,0.9979122328862147,0.962723970413208
35Hz12kN,CNN-BiLSTM,13,0.9975064631185248,0.9644917845726013
35Hz12kN,CNN-BiLSTM,14,0.997428351675808,0.9635591506958008
35Hz12kN,CNN-BiLSTM,15,0.9969167443286342,0.9609091877937317
35Hz12kN,CNN-BiLSTM,16,0.9965187286565568,0.9537061452865601
35Hz12kN,CNN-BiLSTM,17,0.9953999400865203,0.9540489315986633
35Hz12kN,CNN-BiLSTM,18,0.9949047751962757,0.9499307870864868
35Hz12kN,CNN-BiLSTM,19,0.9939856392986496,0.931089460849762
35Hz12kN,CNN-BiLSTM,20,0.992930351464496,0.9196549654006958
35Hz12kN,CNN-BiLSTM,21,0.9914180757234913,0.9254647493362427
35Hz12kN,CNN-BiLSTM,22,0.9857805832424769,0.9097805023193359
35Hz12kN,CNN-BiLSTM,23,0.969093449034846,0.9094941020011902
35Hz12kN,CNN-BiLSTM,24,0.9440573242145817,0.8886719346046448
35Hz12kN,CNN-BiLSTM,25,0.9270938405818109,0.7837640047073364
35Hz12kN,CNN-BiLSTM,26,0.9116976087989169,0.7533186078071594
35Hz12kN,CNN-BiLSTM,27,0.8686657714519017,0.7076442241668701
35Hz12kN,CNN-BiLSTM,28,0.8130247191186688,0.7244601845741272
35Hz12kN,CNN-BiLSTM,29,0.7874373849477084,0.7041760683059692
35Hz12kN,CNN-BiLSTM,30,0.7346902965549921,0.6603763699531555
35Hz12kN,CNN-BiLSTM,31,0.6861011491591293,0.59134441614151
35Hz12kN,CNN-BiLSTM,32,0.661918997052761,0.5712235569953918
35Hz12kN,CNN-BiLSTM,33,0.6554650540736766,0.3495579957962036
35Hz12kN,CNN-BiLSTM,34,0.6207774770922778,0.42662113904953003
35Hz12kN,CNN-BiLSTM,35,0.6053961524545054,0.4870021939277649
35Hz12kN,CNN-BiLSTM,36,0.5719382708257585,0.5128511786460876
35Hz12kN,CNN-BiLSTM,37,0.5457266524010613,0.5007390379905701
35Hz12kN,CNN-BiLSTM,38,0.46917703833762914,0.47069594264030457
35Hz12kN,CNN-BiLSTM,39,0.3561023259135859,0.44146278500556946
35Hz12kN,CNN-BiLSTM,40,0.3039076238081958,0.4367942214012146
35Hz12kN,CNN-BiLSTM,41,0.2380646883160877,0.26053115725517273
37.5Hz11kN,Random Forest,0,0.9756015444461635,0.8464603241623491
37.5Hz11kN,Random Forest,1,0.976550439267676,0.8495208553088406
37.5Hz11kN,Random Forest,2,0.9772426140410053,0.8505464345121944
37.5Hz11kN,Random Forest,3,0.9783979524330455,0.8485475020083524
37.5Hz11kN,Random Forest,4,0.9787490736260962,0.8460265255958455
37.5Hz11kN,Random Forest,5,0.9804942746669514,0.8521414206413235
37.5Hz11kN,Random Forest,6,0.9824557183112278,0.8546430661309711
37.5Hz11kN,Random Forest,7,0.9835095214074665,0.8517956685082472
37.5Hz11kN,Random Forest,8,0.9837993383391442,0.8576117857144417
37.5Hz11kN,Random Forest,9,0.9844413701169415,0.8664699906593126
37.5Hz11kN,Random Forest,10,0.9847447607951025,0.8619541767110056
37.5Hz11kN,Random Forest,11,0.9848203991458023,0.8619960171876293
37.5Hz11kN,Random Forest,12,0.9848561936658762,0.8588515917534306
37.5Hz11kN,Random Forest,13,0.9855374589357699,0.8636594262276416
37.5Hz11kN,Random Forest,14,0.985861019425189,0.8685531839097548
37.5Hz11kN,Random Forest,15,0.9857270233378698,0.8661743938543198
37.5Hz11kN,Random Forest,16,0.9860613392458125,0.8718367396928589
37.5Hz11kN,Random Forest,17,0.9859273858017484,0.8656673052578554
37.5Hz11kN,Random Forest,18,0.9858881402163199,0.8670596559107482
37.5Hz11kN,Random Forest,19,0.9864372198897933,0.8703182305053344
37.5Hz11kN,Random Forest,20,0.9863588145152089,0.8640486720980295
37.5Hz11kN,Random Forest,21,0.9863618301548428,0.870962500263162
37.5Hz11kN,Random Forest,22,0.9877854429802753,0.865410339878548
37.5Hz11kN,Random Forest,23,0.9880632853348441,0.8708456667950084
37.5Hz11kN,Random Forest,24,0.9880730213171767,0.8709810382138754
37.5Hz11kN,Random Forest,25,0.9890976699105896,0.8757394667928468
37.5Hz11kN,Random Forest,26,0.9890522284628419,0.8753223880720677
37.5Hz11kN,Random Forest,27,0.9882753773292453,0.8742973268709272
37.5Hz11kN,Random Forest,28,0.9889918990372898,0.8766530959384503
37.5Hz11kN,Random Forest,29,0.9907373176668642,0.8730062386441191
37.5Hz11kN,Random Forest,30,0.9912846818547006,0.8736780251286815
37.5Hz11kN,Random Forest,31,0.9929128011203812,0.8769854869014428
37.5Hz11kN,Random Forest,32,0.9943799528108324,0.881705147818323
37.5Hz11kN,Random Forest,33,0.9954070344646301,0.8835293508310628
37.5Hz11kN,Random Forest,34,0.9948520455826173,0.8833632531439234
37.5Hz11kN,Random Forest,35,0.9952735160411079,0.8831426055201252
37.5Hz11kN,Random Forest,36,0.9946855161546428,0.8836187720247876
37.5Hz11kN,Random Forest,37,0.9944288699787084,0.883114600102995
37.5Hz11kN,Random Forest,38,0.9944425128678189,0.8856304394402058
37.5Hz11kN,Random Forest,39,0.9939711720517577,0.8862445360187039
37.5Hz11kN,Random Forest,40,0.9939173273213214,0.8863411052623432
37.5Hz11kN,Random Forest,41,0.9934689362892094,0.8880747155962416
37.5Hz11kN,Random Forest,42,0.9931563363147781,0.8843326546762394
37.5Hz11kN,Random Forest,43,0.9922752810034184,0.8879939540719921
37.5Hz11kN,Random Forest,44,0.9925828734287752,0.882945811566004
37.5Hz11kN,Random Forest,45,0.9925105298019317,0.8856657236223735
37.5Hz11kN,Random Forest,46,0.9934254291644375,0.8852454802706401
37.5Hz11kN,Random Forest,47,0.9939445534356068,0.8853358135525635
37.5Hz11kN,Random Forest,48,0.9948038795125542,0.8872420200277054
37.5Hz11kN,Random Forest,49,0.9949388201119728,0.8871580441614485
37.5Hz11kN,Random Forest,50,0.994619478808111,0.88648349949092
37.5Hz11kN,Random Forest,51,0.994262057043047,0.8857608338517812
37.5Hz11kN,Random Forest,52,0.9938915002100808,0.8858725008132429
37.5Hz11kN,Random Forest,53,0.9940370763830453,0.886442495938199
37.5Hz11kN,Random Forest,54,0.9950328080415785,0.886821271633758
37.5Hz11kN,Random Forest,55,0.996066036721021,0.8865820295528481
37.5Hz11kN,Random Forest,56,0.996149774646795,0.8897909896721037
37.5Hz11kN,Random Forest,57,0.9970625870179882,0.887946038815639
37.5Hz11kN,Random Forest,58,0.9965184471398867,0.8891306147343989
37.5Hz11kN,Random Forest,59,0.9963767180503604,0.8880231081821914
37.5Hz11kN,Random Forest,60,0.9954372360168078,0.8880734641062553
37.5Hz11kN,Random Forest,61,0.9953935302255449,0.8875850835128547
37.5Hz11kN,Random Forest,62,0.9945914917931266,0.8876910643077182
37.5Hz11kN,Random Forest,63,0.9946797109249225,0.889268059789729
37.5Hz11kN,Random Forest,64,0.9944530634600742,0.8878401172025694
37.5Hz11kN,Random Forest,65,0.9946286426906623,0.888372186280343
37.5Hz11kN,Random Forest,66,0.9945356590512885,0.8879041357891836
37.5Hz11kN,Random Forest,67,0.9946748802708717,0.8887496444777822
37.5Hz11kN,Random Forest,68,0.9943662413820121,0.8883011050562741
37.5Hz11kN,Random Forest,69,0.9945524968445204,0.8872637073895941
37.5Hz11kN,Random Forest,70,0.9950255380877463,0.8868668618413927
37.5Hz11kN,Random Forest,71,0.9954120130919023,0.8859389674770083
37.5Hz11kN,Random Forest,72,0.9953186400657135,0.8880828520792029
37.5Hz11kN,Random Forest,73,0.9955219390690347,0.8879017817362799
37.5Hz11kN,Random Forest,74,0.9951375673805185,0.8870531255427082
37.5Hz11kN,Random Forest,75,0.9946298012303927,0.8886285215372814
37.5Hz11kN,Random Forest,76,0.9951731979340499,0.8879780510548295
37.5Hz11kN,Random Forest,77,0.9960076118680414,0.8866826749338276
37.5Hz11kN,Random Forest,78,0.9966805746798567,0.8874302816167771
37.5Hz11kN,Random Forest,79,0.9966879336776138,0.8889786021130386
37.5Hz11kN,Random Forest,80,0.9965515343085272,0.889615381609723
37.5Hz11kN,Random Forest,81,0.9960114721300624,0.889422198866809
37.5Hz11kN,Random Forest,82,0.9956379585548596,0.8875770068881799
37.5Hz11kN,Random Forest,83,0.9950093361194121,0.8859455194369523
37.5Hz11kN,Random Forest,84,0.9958284184193179,0.8879144517537941
37.5Hz11kN,Random Forest,85,0.996292118348155,0.8889687305639004
37.5Hz11kN,Random Forest,86,0.9967023983802958,0.8893219024172417
37.5Hz11kN,Random Forest,87,0.9966557914319452,0.889149605402982
37.5Hz11kN,Random Forest,88,0.9975953183032322,0.8901324585452578
37.5Hz11kN,Random Forest,89,0.9976914735881806,0.8903650213763288
37.5Hz11kN,Random Forest,90,0.9981219833602448,0.8893131259991609
37.5Hz11kN,Random Forest,91,0.9985347224121769,0.8930608938752045
37.5Hz11kN,Random Forest,92,0.9992547340844846,0.8928711487561957
37.5Hz11kN,Random Forest,93,0.998956098708174,0.8922448968855219
37.5Hz11kN,Random Forest,94,0.9988342462787511,0.8939635450569684
37.5Hz11kN,Random Forest,95,0.9983848624495447,0.8925077214969639
37.5Hz11kN,Random Forest,96,0.9985060228527904,0.8915764325227263
37.5Hz11kN,Random Forest,97,0.9985554560658876,0.8915477438365925
37.5Hz11kN,Random Forest,98,0.9988414959503027,0.8910533212772233
37.5Hz11kN,Random Forest,99,0.9982644771950941,0.8905799415984604
37.5Hz11kN,Random Forest,100,0.9979924107666077,0.8928926458877687
37.5Hz11kN,Random Forest,101,0.9977170956418467,0.8909281706419899
37.5Hz11kN,Random Forest,102,0.996852922848848,0.8903946997057047
37.5Hz11kN,Random Forest,103,0.9965052473844599,0.890485760112075
37.5Hz11kN,Random Forest,104,0.9968182251633678,0.8900539886875558
37.5Hz11kN,Random Forest,105,0.9976416780046918,0.890473193984889
37.5Hz11kN,Random Forest,106,0.9969127474711993,0.8897018965021825
37.5Hz11kN,Random Forest,107,0.9967081845325587,0.8901222787961631
37.5Hz11kN,Random Forest,108,0.9930319772024381,0.8914706573521347
37.5Hz11kN,Random Forest,109,0.987229376349952,0.8886744657161081
37.5Hz11kN,Random Forest,110,0.9803238232318854,0.8879128212018144
37.5Hz11kN,Random Forest,111,0.9743243497232894,0.8773008970553172
37.5Hz11kN,Random Forest,112,0.9687988246919396,0.8522500586228441
37.5Hz11kN,Random Forest,113,0.9661238367261225,0.8358848968302356
37.5Hz11kN,Random Forest,114,0.9655132259086697,0.8247565511822503
37.5Hz11kN,Random Forest,115,0.9656261801450489,0.82283917644871
37.5Hz11kN,Random Forest,116,0.9657355940890783,0.8199564708246496
37.5Hz11kN,Random Forest,117,0.965412383844247,0.8164952350295176
37.5Hz11kN,Random Forest,118,0.964899294487633,0.8155501225607479
37.5Hz11kN,Random Forest,119,0.9648527968573817,0.8125108671580609
37.5Hz11kN,Random Forest,120,0.9645533696099775,0.8120888396190732
37.5Hz11kN,Random Forest,121,0.9639887930365051,0.805927500803182
37.5Hz11kN,Random Forest,122,0.9631869302607384,0.8075496049567187
37.5Hz11kN,Random Forest,123,0.9631824075475771,0.8068928723290489
37.5Hz11kN,Random Forest,124,0.9626658543880824,0.8069623290408598
37.5Hz11kN,Random Forest,125,0.9618433456873465,0.8059273536842497
37.5Hz11kN,Random Forest,126,0.9617268826931049,0.8068232928670169
37.5Hz11kN,Random Forest,127,0.9619004281512753,0.8065189617225073
37.5Hz11kN,Random Forest,128,0.9614094532074752,0.806311791661953
37.5Hz11kN,Random Forest,129,0.9610467451804812,0.8076771413002071
37.5Hz11kN,Random Forest,130,0.9611699471930848,0.8084991352224516
37.5Hz11kN,Random Forest,131,0.9605511718803849,0.8069062974856189
37.5Hz11kN,Random Forest,132,0.9601545867829092,0.8057447579295713
37.5Hz11kN,Random Forest,133,0.9583823432291447,0.8051131131821675
37.5Hz11kN,Random Forest,134,0.9562463261370917,0.8055812693675659
37.5Hz11kN,Random Forest,135,0.953677600118539,0.8048046193656013
37.5Hz11kN,Random Forest,136,0.951610380034019,0.8036902798861623
37.5Hz11kN,Random Forest,137,0.9492017024184769,0.8004517337434222
37.5Hz11kN,Random Forest,138,0.9476781722586939,0.7984335828720683
37.5Hz11kN,Random Forest,139,0.9470308938203911,0.7957803787018054
37.5Hz11kN,Random Forest,140,0.9464595539350741,0.7955533922523611
37.5Hz11kN,Random Forest,141,0.9455237991812862,0.7990911404438477
37.5Hz11kN,Random Forest,142,0.945016261183574,0.7958107844684725
37.5Hz11kN,Random Forest,143,0.9452730899438109,0.7954578929395832
37.5Hz11kN,Random Forest,144,0.944737804344881,0.7923430354761766
37.5Hz11kN,Random Forest,145,0.9442308848797838,0.7938162624597869
37.5Hz11kN,Random Forest,146,0.9439217677447704,0.7974538363894528
37.5Hz11kN,Random Forest,147,0.9429163440787633,0.7945351165256667
37.5Hz11kN,Random Forest,148,0.942233461377764,0.7909320998423862
37.5Hz11kN,Random Forest,149,0.9414446480670836,0.789883910648244
37.5Hz11kN,Random Forest,150,0.940966004548191,0.7914928322255919
37.5Hz11kN,Random Forest,151,0.9404352980617514,0.7924031396951841
37.5Hz11kN,Random Forest,152,0.9354412894292065,0.7903610731015598
37.5Hz11kN,Random Forest,153,0.9297943139312135,0.7877274795508967
37.5Hz11kN,Random Forest,154,0.9237190399550169,0.7839723825713706
37.5Hz11kN,Random Forest,155,0.917161784858567,0.7704566081166262
37.5Hz11kN,Random Forest,156,0.9086252519140124,0.7600937701348064
37.5Hz11kN,Random Forest,157,0.9049397200863407,0.7518035675257969
37.5Hz11kN,Random Forest,158,0.9010135111816371,0.7454047642333694
37.5Hz11kN,Random Forest,159,0.8973400521602979,0.7296996593172882
37.5Hz11kN,Random Forest,160,0.8937332118562213,0.727252148665363
37.5Hz11kN,Random Forest,161,0.8918385079093241,0.7204126683834364
37.5Hz11kN,Random Forest,162,0.8895937626984207,0.7133471787521087
37.5Hz11kN,Random Forest,163,0.8879146796522377,0.7087335319256886
37.5Hz11kN,Random Forest,164,0.8860659361630436,0.7061816683034361
37.5Hz11kN,Random Forest,165,0.8841089204261321,0.7033572744026535
37.5Hz11kN,Random Forest,166,0.8820337128132334,0.700176675805587
37.5Hz11kN,Random Forest,167,0.8797081578812979,0.6966146968651056
37.5Hz11kN,Random Forest,168,0.8772368736961054,0.6899316036077419
37.5Hz11kN,Random Forest,169,0.8747688609408634,0.6898366399544542
37.5Hz11kN,Random Forest,170,0.8683600064475726,0.6897200763800551
37.5Hz11kN,Random Forest,171,0.8596485998174724,0.6879719758461637
37.5Hz11kN,Random Forest,172,0.8507725616231815,0.6836008870455113
37.5Hz11kN,Random Forest,173,0.8399448278088133,0.666735555020714
37.5Hz11kN,Random Forest,174,0.8294088198149051,0.6472770528402214
37.5Hz11kN,Random Forest,175,0.8221726796658629,0.6343881137578048
37.5Hz11kN,Random Forest,176,0.8155840305964521,0.6236974603996205
37.5Hz11kN,Random Forest,177,0.807118308992797,0.6115045343405919
37.5Hz11kN,Random Forest,178,0.7940669685762571,0.6002229607295511
37.5Hz11kN,Random Forest,179,0.778612626662647,0.5832500487420827
37.5Hz11kN,Random Forest,180,0.7599850245524316,0.5649242568746634
37.5Hz11kN,Random Forest,181,0.739939938453052,0.5479505919292145
37.5Hz11kN,Random Forest,182,0.7216887122825085,0.531178738618253
37.5Hz11kN,Random Forest,183,0.7075640403914754,0.5155820840741436
37.5Hz11kN,Random Forest,184,0.6965071450035973,0.48658622467334717
37.5Hz11kN,Random Forest,185,0.6904751051853812,0.46168838495525205
37.5Hz11kN,Random Forest,186,0.6862923608061993,0.4456576165030088
37.5Hz11kN,Random Forest,187,0.6833931729504023,0.4318564127979322
37.5Hz11kN,Random Forest,188,0.6803735313596786,0.42280774616779543
37.5Hz11kN,Random Forest,189,0.6820175920564492,0.41325765013918253
37.5Hz11kN,Random Forest,190,0.6726322307532504,0.42018298074857785
37.5Hz11kN,Random Forest,191,0.6680212721150073,0.4327392098288413
37.5Hz11kN,Random Forest,192,0.6632629605288223,0.46929625360936916
37.5Hz11kN,Random Forest,193,0.6684993711205907,0.5039046885461066
37.5Hz11kN,Random Forest,194,0.6804399631202042,0.5164589688678881
37.5Hz11kN,Random Forest,195,0.7091607181867676,0.5255761790362966
37.5Hz11kN,Random Forest,196,0.7390972131337344,0.5487205618217935
37.5Hz11kN,Random Forest,197,0.7700926430376356,0.5892126185703941
37.5Hz11kN,Random Forest,198,0.7947700981150093,0.6361676950000044
37.5Hz11kN,Random Forest,199,0.8070363199537047,0.6480853995292644
37.5Hz11kN,Random Forest,200,0.8125172951436992,0.6732187134126977
37.5Hz11kN,Random Forest,201,0.8152053708101594,0.6723320787842022
37.5Hz11kN,Random Forest,202,0.8101501121609445,0.6768817860301944
37.5Hz11kN,Random Forest,203,0.8037507692311194,0.678540925116598
37.5Hz11kN,Random Forest,204,0.7986415785931459,0.6708188216652085
37.5Hz11kN,Random Forest,205,0.7952370502330105,0.6603070826618328
37.5Hz11kN,Random Forest,206,0.7889293845908032,0.656078188816905
37.5Hz11kN,Random Forest,207,0.7884200265870966,0.6566776087005138
37.5Hz11kN,Random Forest,208,0.788217455906304,0.6491399009814686
37.5Hz11kN,Random Forest,209,0.7902568828461092,0.6450497702004581
37.5Hz11kN,Random Forest,210,0.7916497872249618,0.6405182967204005
37.5Hz11kN,Random Forest,211,0.7951140711344609,0.6440930202707369
37.5Hz11kN,Random Forest,212,0.798956436850387,0.6469644867755191
37.5Hz11kN,Random Forest,213,0.8034899917423216,0.6475491615237872
37.5Hz11kN,Random Forest,214,0.8062193659485413,0.6497339338356607
37.5Hz11kN,Random Forest,215,0.8086889027122606,0.6473682636816325
37.5Hz11kN,Random Forest,216,0.800254863128196,0.6464100209778365
37.5Hz11kN,Random Forest,217,0.7882715703874335,0.64287107170817
37.5Hz11kN,Random Forest,218,0.7749872250139106,0.6413125075991084
37.5Hz11kN,Random Forest,219,0.7583737570861754,0.5595901435387803
37.5Hz11kN,Random Forest,220,0.7392035136577202,0.5693848699619847
37.5Hz11kN,Random Forest,221,0.7298307480947349,0.5227828855432283
37.5Hz11kN,Random Forest,222,0.7242232710619186,0.4912798924606035
37.5Hz11kN,Random Forest,223,0.7176906439825417,0.48783270348651936
37.5Hz11kN,Random Forest,224,0.7139211981195723,0.4782289779058569
37.5Hz11kN,Random Forest,225,0.7037696315489314,0.46957896156136747
37.5Hz11kN,Random Forest,226,0.6914558025645988,0.4645361611808351
37.5Hz11kN,Random Forest,227,0.6765751067587941,0.4248621945361105
37.5Hz11kN,Random Forest,228,0.6628688716426137,0.4180187277531487
37.5Hz11kN,Random Forest,229,0.6478791394490573,0.4273096777816769
37.5Hz11kN,Random Forest,230,0.6420084318238821,0.4031253795174202
37.5Hz11kN,Random Forest,231,0.6322689310974335,0.3738544178533027
37.5Hz11kN,Random Forest,232,0.625540268380134,0.36325999687344307
37.5Hz11kN,Random Forest,233,0.6204976921136118,0.3527993958531009
37.5Hz11kN,Random Forest,234,0.6101769739440297,0.31344303917971833
37.5Hz11kN,Random Forest,235,0.5987822843705354,0.30264320554523355
37.5Hz11kN,Random Forest,236,0.5920839071195767,0.29315150454898914
37.5Hz11kN,Random Forest,237,0.5838353402891819,0.26578312466458676
37.5Hz11kN,Random Forest,238,0.5729618106262928,0.26631658252583207
37.5Hz11kN,Random Forest,239,0.5675963302983548,0.2629081289511645
37.5Hz11kN,Random Forest,240,0.5619511024837148,0.25130140536180795
37.5Hz11kN,Random Forest,241,0.556811713625563,0.22593652950131846
37.5Hz11kN,Random Forest,242,0.5518681905490346,0.23558235619370027
37.5Hz11kN,Random Forest,243,0.5463974522129839,0.22213008310130614
37.5Hz11kN,Random Forest,244,0.5423639868944095,0.2239167347130632
37.5Hz11kN,Random Forest,245,0.5429308071671964,0.22429508648350255
37.5Hz11kN,Random Forest,246,0.5422256821712758,0.2342353078000827
37.5Hz11kN,Random Forest,247,0.5410796783523616,0.22147825897178416
37.5Hz11kN,Random Forest,248,0.541289235894608,0.22651682892001865
37.5Hz11kN,Random Forest,249,0.5391211571167769,0.2334028926536674
37.5Hz11kN,Random Forest,250,0.5324484214553555,0.2543856509213706
37.5Hz11kN,Random Forest,251,0.5289509451689595,0.26734789473895065
37.5Hz11kN,Random Forest,252,0.5281397936829209,0.30318959727519657
37.5Hz11kN,Random Forest,253,0.5257500058678571,0.33080507084842
37.5Hz11kN,Random Forest,254,0.5205251279529338,0.35819643358101777
37.5Hz11kN,Random Forest,255,0.517401069331961,0.3659277871098854
37.5Hz11kN,Random Forest,256,0.5088943924197302,0.3896091227707935
37.5Hz11kN,Random Forest,257,0.5005823612878488,0.4087678393503013
37.5Hz11kN,Random Forest,258,0.49382609685884465,0.4782438623113307
37.5Hz11kN,Random Forest,259,0.4905664149437465,0.49502862486869775
37.5Hz11kN,Random Forest,260,0.48443790740004894,0.499508142329221
37.5Hz11kN,Random Forest,261,0.4774823835560348,0.4919466104852808
37.5Hz11kN,Random Forest,262,0.4661323342767587,0.5048945702684307
37.5Hz11kN,Random Forest,263,0.4587501955949853,0.5092940850904492
37.5Hz11kN,Random Forest,264,0.4518185324741548,0.5209648505231192
37.5Hz11kN,Random Forest,265,0.4416311318103025,0.5296982251707485
37.5Hz11kN,Random Forest,266,0.4344256009494192,0.54648045264252
37.5Hz11kN,Random Forest,267,0.4291339569349469,0.555132847993332
37.5Hz11kN,Random Forest,268,0.4197586061511117,0.5405611957279267
37.5Hz11kN,Random Forest,269,0.43626660180273447,0.5521994926060735
37.5Hz11kN,Random Forest,270,0.4593874703960813,0.5580146217545633
37.5Hz11kN,Random Forest,271,0.47860201309207523,0.5677779154328851
37.5Hz11kN,Random Forest,272,0.4976950084562534,0.5302703317272501
37.5Hz11kN,Random Forest,273,0.5147051687165941,0.5102619179792156
37.5Hz11kN,Random Forest,274,0.5001241243981123,0.5002096526436272
37.5Hz11kN,Random Forest,275,0.48207719984593,0.49295052809225487
37.5Hz11kN,Random Forest,276,0.47168513911734555,0.5165181526003968
37.5Hz11kN,Random Forest,277,0.4647259222997048,0.5169409887542993
37.5Hz11kN,Random Forest,278,0.4661266112956576,0.44645951505280224
37.5Hz11kN,Random Forest,279,0.4753762204688017,0.41982270055614934
37.5Hz11kN,Random Forest,280,0.4884365275174273,0.4119756266227139
37.5Hz11kN,Random Forest,281,0.4917897879491945,0.3739529946728313
37.5Hz11kN,Random Forest,282,0.49005008288130414,0.35666710080948627
37.5Hz11kN,Random Forest,283,0.482436539484551,0.3489455608146147
37.5Hz11kN,Random Forest,284,0.4725318695492847,0.3353527250224114
37.5Hz11kN,Random Forest,285,0.45710496202221024,0.3542011546602637
37.5Hz11kN,Random Forest,286,0.4517607669355389,0.34898916147793496
37.5Hz11kN,Random Forest,287,0.4478764624863998,0.3471960720950976
37.5Hz11kN,Random Forest,288,0.43894794788771635,0.36317538670068344
37.5Hz11kN,Random Forest,289,0.43312209024105924,0.3467935470445195
37.5Hz11kN,Random Forest,290,0.42609505720640806,0.3680424269635128
37.5Hz11kN,Random Forest,291,0.409671470958944,0.368748197183212
37.5Hz11kN,Random Forest,292,0.3929419850624366,0.38529190966981725
37.5Hz11kN,Random Forest,293,0.37734023436955466,0.36380417614135546
37.5Hz11kN,Random Forest,294,0.3562937979342954,0.3918112206932834
37.5Hz11kN,Random Forest,295,0.3339985283264825,0.3953410490210252
37.5Hz11kN,Random Forest,296,0.3018520412613998,0.39547136811892103
37.5Hz11kN,Random Forest,297,0.2689574828577256,0.38227093039706483
37.5Hz11kN,Random Forest,298,0.24355595797186735,0.38528007228232625
37.5Hz11kN,Random Forest,299,0.22728307287281996,0.37288083603961186
37.5Hz11kN,Random Forest,300,0.21280190183827113,0.3702930358312456
37.5Hz11kN,Random Forest,301,0.21575080422832182,0.3657425536104431
37.5Hz11kN,Random Forest,302,0.21824897700041618,0.3708862872681365
37.5Hz11kN,Random Forest,303,0.21807543938327792,0.3775467377102087
37.5Hz11kN,Random Forest,304,0.20957229061669597,0.35411114255104226
37.5Hz11kN,Random Forest,305,0.201401908576951,0.36502041669694135
37.5Hz11kN,Random Forest,306,0.19170307331853179,0.360455870098139
37.5Hz11kN,Random Forest,307,0.18589507753690324,0.3915967138520727
37.5Hz11kN,Random Forest,308,0.18049375668574302,0.37937509133082875
37.5Hz11kN,Random Forest,309,0.17540677211367667,0.37376556242915265
37.5Hz11kN,Random Forest,310,0.17047511668794696,0.3656206588684977
37.5Hz11kN,Random Forest,311,0.19043062215906592,0.4017576699444323
37.5Hz11kN,Random Forest,312,0.2177946969451212,0.39166281306628403
37.5Hz11kN,Random Forest,313,0.2392562305892847,0.39898746309892363
37.5Hz11kN,Random Forest,314,0.25783009674836227,0.3945125670308701
37.5Hz11kN,Random Forest,315,0.27497183565833205,0.4143328864139004
37.5Hz11kN,Random Forest,316,0.2643139272528565,0.38623574940820127
37.5Hz11kN,Random Forest,317,0.23031871907801732,0.3991255662266085
37.5Hz11kN,Random Forest,318,0.19032980465697086,0.3950734545900298
37.5Hz11kN,Random Forest,319,0.1511205073156955,0.3734169753714607
37.5Hz11kN,Random Forest,320,0.11113579924346899,0.3615148950430713
37.5Hz11kN,Random Forest,321,0.08866368799129457,0.34161104424588923
37.5Hz11kN,Random Forest,322,0.0883063374628806,0.34011551779277943
37.5Hz11kN,Random Forest,323,0.10558881042975385,0.3323500277384524
37.5Hz11kN,Random Forest,324,0.1277673987029126,0.35135658266497155
37.5Hz11kN,Random Forest,325,0.12950631519331107,0.34903018295843724
37.5Hz11kN,Random Forest,326,0.10863854111970886,0.37411836136127696
37.5Hz11kN,Random Forest,327,0.10055925553050943,0.3741640092644067
37.5Hz11kN,Random Forest,328,0.07582585478600412,0.36061778011060547
37.5Hz11kN,BiLSTM,0,0.9756015444461635,0.8709973096847534
37.5Hz11kN,BiLSTM,1,0.976550439267676,0.8701611757278442
37.5Hz11kN,BiLSTM,2,0.9772426140410053,0.871618390083313
37.5Hz11kN,BiLSTM,3,0.9783979524330455,0.8734883069992065
37.5Hz11kN,BiLSTM,4,0.9787490736260962,0.8740493059158325
37.5Hz11kN,BiLSTM,5,0.9804942746669514,0.8756587505340576
37.5Hz11kN,BiLSTM,6,0.9824557183112278,0.8774285316467285
37.5Hz11kN,BiLSTM,7,0.9835095214074665,0.8744781017303467
37.5Hz11kN,BiLSTM,8,0.9837993383391442,0.8790456056594849
37.5Hz11kN,BiLSTM,9,0.9844413701169415,0.8801108598709106
37.5Hz11kN,BiLSTM,10,0.9847447607951025,0.8823068737983704
37.5Hz11kN,BiLSTM,11,0.9848203991458023,0.8835394978523254
37.5Hz11kN,BiLSTM,12,0.9848561936658762,0.8803025484085083
37.5Hz11kN,BiLSTM,13,0.9855374589357699,0.881683349609375
37.5Hz11kN,BiLSTM,14,0.985861019425189,0.8817052245140076
37.5Hz11kN,BiLSTM,15,0.9857270233378698,0.8800064921379089
37.5Hz11kN,BiLSTM,16,0.9860613392458125,0.8794410228729248
37.5Hz11kN,BiLSTM,17,0.9859273858017484,0.8771730065345764
37.5Hz11kN,BiLSTM,18,0.9858881402163199,0.8774888515472412
37.5Hz11kN,BiLSTM,19,0.9864372198897933,0.8779098987579346
37.5Hz11kN,BiLSTM,20,0.9863588145152089,0.8774526119232178
37.5Hz11kN,BiLSTM,21,0.9863618301548428,0.877458930015564
37.5Hz11kN,BiLSTM,22,0.9877854429802753,0.8798758387565613
37.5Hz11kN,BiLSTM,23,0.9880632853348441,0.8777635097503662
37.5Hz11kN,BiLSTM,24,0.9880730213171767,0.8765679001808167
37.5Hz11kN,BiLSTM,25,0.9890976699105896,0.8786948323249817
37.5Hz11kN,BiLSTM,26,0.9890522284628419,0.879490315914154
37.5Hz11kN,BiLSTM,27,0.9882753773292453,0.8792266845703125
37.5Hz11kN,BiLSTM,28,0.9889918990372898,0.8815047144889832
37.5Hz11kN,BiLSTM,29,0.9907373176668642,0.8792099356651306
37.5Hz11kN,BiLSTM,30,0.9912846818547006,0.8785460591316223
37.5Hz11kN,BiLSTM,31,0.9929128011203812,0.8787933588027954
37.5Hz11kN,BiLSTM,32,0.9943799528108324,0.8817840814590454
37.5Hz11kN,BiLSTM,33,0.9954070344646301,0.8840813636779785
37.5Hz11kN,BiLSTM,34,0.9948520455826173,0.8865676522254944
37.5Hz11kN,BiLSTM,35,0.9952735160411079,0.8878071904182434
37.5Hz11kN,BiLSTM,36,0.9946855161546428,0.8900595307350159
37.5Hz11kN,BiLSTM,37,0.9944288699787084,0.889409065246582
37.5Hz11kN,BiLSTM,38,0.9944425128678189,0.8913508057594299
37.5Hz11kN,BiLSTM,39,0.9939711720517577,0.8924577236175537
37.5Hz11kN,BiLSTM,40,0.9939173273213214,0.893133282661438
37.5Hz11kN,BiLSTM,41,0.9934689362892094,0.8947800993919373
37.5Hz11kN,BiLSTM,42,0.9931563363147781,0.8915717005729675
37.5Hz11kN,BiLSTM,43,0.9922752810034184,0.8927316069602966
37.5Hz11kN,BiLSTM,44,0.9925828734287752,0.889337956905365
37.5Hz11kN,BiLSTM,45,0.9925105298019317,0.8877438902854919
37.5Hz11kN,BiLSTM,46,0.9934254291644375,0.8855862021446228
37.5Hz11kN,BiLSTM,47,0.9939445534356068,0.8842043876647949
37.5Hz11kN,BiLSTM,48,0.9948038795125542,0.8843875527381897
37.5Hz11kN,BiLSTM,49,0.9949388201119728,0.8842807412147522
37.5Hz11kN,BiLSTM,50,0.994619478808111,0.8842529058456421
37.5Hz11kN,BiLSTM,51,0.994262057043047,0.8843365907669067
37.5Hz11kN,BiLSTM,52,0.9938915002100808,0.8827213644981384
37.5Hz11kN,BiLSTM,53,0.9940370763830453,0.8813447952270508
37.5Hz11kN,BiLSTM,54,0.9950328080415785,0.8829741477966309
37.5Hz11kN,BiLSTM,55,0.996066036721021,0.8826072216033936
37.5Hz11kN,BiLSTM,56,0.996149774646795,0.8841360211372375
37.5Hz11kN,BiLSTM,57,0.9970625870179882,0.885168194770813
37.5Hz11kN,BiLSTM,58,0.9965184471398867,0.8871395587921143
37.5Hz11kN,BiLSTM,59,0.9963767180503604,0.886696994304657
37.5Hz11kN,BiLSTM,60,0.9954372360168078,0.8871586918830872
37.5Hz11kN,BiLSTM,61,0.9953935302255449,0.885868489742279
37.5Hz11kN,BiLSTM,62,0.9945914917931266,0.8870948553085327
37.5Hz11kN,BiLSTM,63,0.9946797109249225,0.8865082263946533
37.5Hz11kN,BiLSTM,64,0.9944530634600742,0.8854932188987732
37.5Hz11kN,BiLSTM,65,0.9946286426906623,0.8851891160011292
37.5Hz11kN,BiLSTM,66,0.9945356590512885,0.8850787281990051
37.5Hz11kN,BiLSTM,67,0.9946748802708717,0.8870729804039001
37.5Hz11kN,BiLSTM,68,0.9943662413820121,0.8861064910888672
37.5Hz11kN,BiLSTM,69,0.9945524968445204,0.8838900327682495
37.5Hz11kN,BiLSTM,70,0.9950255380877463,0.8837153911590576
37.5Hz11kN,BiLSTM,71,0.9954120130919023,0.8844448328018188
37.5Hz11kN,BiLSTM,72,0.9953186400657135,0.8835554718971252
37.5Hz11kN,BiLSTM,73,0.9955219390690347,0.8851746320724487
37.5Hz11kN,BiLSTM,74,0.9951375673805185,0.8847709894180298
37.5Hz11kN,BiLSTM,75,0.9946298012303927,0.8831169605255127
37.5Hz11kN,BiLSTM,76,0.9951731979340499,0.882322371006012
37.5Hz11kN,BiLSTM,77,0.9960076118680414,0.8820101022720337
37.5Hz11kN,BiLSTM,78,0.9966805746798567,0.8812399506568909
37.5Hz11kN,BiLSTM,79,0.9966879336776138,0.8822788000106812
37.5Hz11kN,BiLSTM,80,0.9965515343085272,0.8825434446334839
37.5Hz11kN,BiLSTM,81,0.9960114721300624,0.8829942941665649
37.5Hz11kN,BiLSTM,82,0.9956379585548596,0.8804887533187866
37.5Hz11kN,BiLSTM,83,0.9950093361194121,0.8778412938117981
37.5Hz11kN,BiLSTM,84,0.9958284184193179,0.8774623870849609
37.5Hz11kN,BiLSTM,85,0.996292118348155,0.8782291412353516
37.5Hz11kN,BiLSTM,86,0.9967023983802958,0.8773861527442932
37.5Hz11kN,BiLSTM,87,0.9966557914319452,0.8791316151618958
37.5Hz11kN,BiLSTM,88,0.9975953183032322,0.878694474697113
37.5Hz11kN,BiLSTM,89,0.9976914735881806,0.8792898058891296
37.5Hz11kN,BiLSTM,90,0.9981219833602448,0.8792911171913147
37.5Hz11kN,BiLSTM,91,0.9985347224121769,0.882095992565155
37.5Hz11kN,BiLSTM,92,0.9992547340844846,0.8850599527359009
37.5Hz11kN,BiLSTM,93,0.998956098708174,0.8868714570999146
37.5Hz11kN,BiLSTM,94,0.9988342462787511,0.8865694403648376
37.5Hz11kN,BiLSTM,95,0.9983848624495447,0.8866809606552124
37.5Hz11kN,BiLSTM,96,0.9985060228527904,0.8880525827407837
37.5Hz11kN,BiLSTM,97,0.9985554560658876,0.8875758051872253
37.5Hz11kN,BiLSTM,98,0.9988414959503027,0.886020839214325
37.5Hz11kN,BiLSTM,99,0.9982644771950941,0.8877280354499817
37.5Hz11kN,BiLSTM,100,0.9979924107666077,0.8889291882514954
37.5Hz11kN,BiLSTM,101,0.9977170956418467,0.8882398009300232
37.5Hz11kN,BiLSTM,102,0.996852922848848,0.8845970630645752
37.5Hz11kN,BiLSTM,103,0.9965052473844599,0.8828346133232117
37.5Hz11kN,BiLSTM,104,0.9968182251633678,0.8832651972770691
37.5Hz11kN,BiLSTM,105,0.9976416780046918,0.8824027180671692
37.5Hz11kN,BiLSTM,106,0.9969127474711993,0.8825601935386658
37.5Hz11kN,BiLSTM,107,0.9967081845325587,0.8814888596534729
37.5Hz11kN,BiLSTM,108,0.9930319772024381,0.88382887840271
37.5Hz11kN,BiLSTM,109,0.987229376349952,0.8805419206619263
37.5Hz11kN,BiLSTM,110,0.9803238232318854,0.8810487389564514
37.5Hz11kN,BiLSTM,111,0.9743243497232894,0.8742309212684631
37.5Hz11kN,BiLSTM,112,0.9687988246919396,0.8676262497901917
37.5Hz11kN,BiLSTM,113,0.9661238367261225,0.86134934425354
37.5Hz11kN,BiLSTM,114,0.9655132259086697,0.8565440773963928
37.5Hz11kN,BiLSTM,115,0.9656261801450489,0.8522281050682068
37.5Hz11kN,BiLSTM,116,0.9657355940890783,0.8492888808250427
37.5Hz11kN,BiLSTM,117,0.965412383844247,0.8463405966758728
37.5Hz11kN,BiLSTM,118,0.964899294487633,0.843183159828186
37.5Hz11kN,BiLSTM,119,0.9648527968573817,0.8436021208763123
37.5Hz11kN,BiLSTM,120,0.9645533696099775,0.8411920070648193
37.5Hz11kN,BiLSTM,121,0.9639887930365051,0.8389037847518921
37.5Hz11kN,BiLSTM,122,0.9631869302607384,0.8411393165588379
37.5Hz11kN,BiLSTM,123,0.9631824075475771,0.8402643799781799
37.5Hz11kN,BiLSTM,124,0.9626658543880824,0.8385736346244812
37.5Hz11kN,BiLSTM,125,0.9618433456873465,0.8380391001701355
37.5Hz11kN,BiLSTM,126,0.9617268826931049,0.8381473422050476
37.5Hz11kN,BiLSTM,127,0.9619004281512753,0.836780846118927
37.5Hz11kN,BiLSTM,128,0.9614094532074752,0.8358869552612305
37.5Hz11kN,BiLSTM,129,0.9610467451804812,0.8344312906265259
37.5Hz11kN,BiLSTM,130,0.9611699471930848,0.8332706093788147
37.5Hz11kN,BiLSTM,131,0.9605511718803849,0.8308640122413635
37.5Hz11kN,BiLSTM,132,0.9601545867829092,0.8272106051445007
37.5Hz11kN,BiLSTM,133,0.9583823432291447,0.8241935968399048
37.5Hz11kN,BiLSTM,134,0.9562463261370917,0.8203150629997253
37.5Hz11kN,BiLSTM,135,0.953677600118539,0.817790150642395
37.5Hz11kN,BiLSTM,136,0.951610380034019,0.8135799169540405
37.5Hz11kN,BiLSTM,137,0.9492017024184769,0.8136740922927856
37.5Hz11kN,BiLSTM,138,0.9476781722586939,0.8108386397361755
37.5Hz11kN,BiLSTM,139,0.9470308938203911,0.810268223285675
37.5Hz11kN,BiLSTM,140,0.9464595539350741,0.8087269067764282
37.5Hz11kN,BiLSTM,141,0.9455237991812862,0.8080917000770569
37.5Hz11kN,BiLSTM,142,0.945016261183574,0.8071469068527222
37.5Hz11kN,BiLSTM,143,0.9452730899438109,0.8051039576530457
37.5Hz11kN,BiLSTM,144,0.944737804344881,0.8050112128257751
37.5Hz11kN,BiLSTM,145,0.9442308848797838,0.8032113909721375
37.5Hz11kN,BiLSTM,146,0.9439217677447704,0.8038053512573242
37.5Hz11kN,BiLSTM,147,0.9429163440787633,0.8027040958404541
37.5Hz11kN,BiLSTM,148,0.942233461377764,0.8032352328300476
37.5Hz11kN,BiLSTM,149,0.9414446480670836,0.8027545213699341
37.5Hz11kN,BiLSTM,150,0.940966004548191,0.798450767993927
37.5Hz11kN,BiLSTM,151,0.9404352980617514,0.7985913753509521
37.5Hz11kN,BiLSTM,152,0.9354412894292065,0.794684886932373
37.5Hz11kN,BiLSTM,153,0.9297943139312135,0.7908130288124084
37.5Hz11kN,BiLSTM,154,0.9237190399550169,0.7875464558601379
37.5Hz11kN,BiLSTM,155,0.917161784858567,0.7714795470237732
37.5Hz11kN,BiLSTM,156,0.9086252519140124,0.7548928260803223
37.5Hz11kN,BiLSTM,157,0.9049397200863407,0.7357646226882935
37.5Hz11kN,BiLSTM,158,0.9010135111816371,0.7160695791244507
37.5Hz11kN,BiLSTM,159,0.8973400521602979,0.6938278675079346
37.5Hz11kN,BiLSTM,160,0.8937332118562213,0.6728718876838684
37.5Hz11kN,BiLSTM,161,0.8918385079093241,0.6536455750465393
37.5Hz11kN,BiLSTM,162,0.8895937626984207,0.6352089643478394
37.5Hz11kN,BiLSTM,163,0.8879146796522377,0.6246751546859741
37.5Hz11kN,BiLSTM,164,0.8860659361630436,0.6156584620475769
37.5Hz11kN,BiLSTM,165,0.8841089204261321,0.6119197010993958
37.5Hz11kN,BiLSTM,166,0.8820337128132334,0.613933265209198
37.5Hz11kN,BiLSTM,167,0.8797081578812979,0.6165541410446167
37.5Hz11kN,BiLSTM,168,0.8772368736961054,0.6164761781692505
37.5Hz11kN,BiLSTM,169,0.8747688609408634,0.6273568272590637
37.5Hz11kN,BiLSTM,170,0.8683600064475726,0.6345149278640747
37.5Hz11kN,BiLSTM,171,0.8596485998174724,0.6341844797134399
37.5Hz11kN,BiLSTM,172,0.8507725616231815,0.6322976350784302
37.5Hz11kN,BiLSTM,173,0.8399448278088133,0.6250249147415161
37.5Hz11kN,BiLSTM,174,0.8294088198149051,0.6187389492988586
37.5Hz11kN,BiLSTM,175,0.8221726796658629,0.5996301770210266
37.5Hz11kN,BiLSTM,176,0.8155840305964521,0.5782917141914368
37.5Hz11kN,BiLSTM,177,0.807118308992797,0.5592076778411865
37.5Hz11kN,BiLSTM,178,0.7940669685762571,0.5397506356239319
37.5Hz11kN,BiLSTM,179,0.778612626662647,0.5246801972389221
37.5Hz11kN,BiLSTM,180,0.7599850245524316,0.50779128074646
37.5Hz11kN,BiLSTM,181,0.739939938453052,0.4731823801994324
37.5Hz11kN,BiLSTM,182,0.7216887122825085,0.448194682598114
37.5Hz11kN,BiLSTM,183,0.7075640403914754,0.4193100929260254
37.5Hz11kN,BiLSTM,184,0.6965071450035973,0.3948710858821869
37.5Hz11kN,BiLSTM,185,0.6904751051853812,0.38290703296661377
37.5Hz11kN,BiLSTM,186,0.6862923608061993,0.37540680170059204
37.5Hz11kN,BiLSTM,187,0.6833931729504023,0.37500131130218506
37.5Hz11kN,BiLSTM,188,0.6803735313596786,0.3808993101119995
37.5Hz11kN,BiLSTM,189,0.6820175920564492,0.3916984498500824
37.5Hz11kN,BiLSTM,190,0.6726322307532504,0.4021337926387787
37.5Hz11kN,BiLSTM,191,0.6680212721150073,0.40689384937286377
37.5Hz11kN,BiLSTM,192,0.6632629605288223,0.4131108522415161
37.5Hz11kN,BiLSTM,193,0.6684993711205907,0.41084298491477966
37.5Hz11kN,BiLSTM,194,0.6804399631202042,0.4117426574230194
37.5Hz11kN,BiLSTM,195,0.7091607181867676,0.4162280559539795
37.5Hz11kN,BiLSTM,196,0.7390972131337344,0.4158964157104492
37.5Hz11kN,BiLSTM,197,0.7700926430376356,0.4180608093738556
37.5Hz11kN,BiLSTM,198,0.7947700981150093,0.42220672965049744
37.5Hz11kN,BiLSTM,199,0.8070363199537047,0.44492602348327637
37.5Hz11kN,BiLSTM,200,0.8125172951436992,0.4760223627090454
37.5Hz11kN,BiLSTM,201,0.8152053708101594,0.5024036169052124
37.5Hz11kN,BiLSTM,202,0.8101501121609445,0.5331984162330627
37.5Hz11kN,BiLSTM,203,0.8037507692311194,0.557015061378479
37.5Hz11kN,BiLSTM,204,0.7986415785931459,0.576493501663208
37.5Hz11kN,BiLSTM,205,0.7952370502330105,0.5892388224601746
37.5Hz11kN,BiLSTM,206,0.7889293845908032,0.5968782305717468
37.5Hz11kN,BiLSTM,207,0.7884200265870966,0.5991126894950867
37.5Hz11kN,BiLSTM,208,0.788217455906304,0.5937603116035461
37.5Hz11kN,BiLSTM,209,0.7902568828461092,0.5870820879936218
37.5Hz11kN,BiLSTM,210,0.7916497872249618,0.5780963897705078
37.5Hz11kN,BiLSTM,211,0.7951140711344609,0.5723358988761902
37.5Hz11kN,BiLSTM,212,0.798956436850387,0.5691639184951782
37.5Hz11kN,BiLSTM,213,0.8034899917423216,0.5707488656044006
37.5Hz11kN,BiLSTM,214,0.8062193659485413,0.5677603483200073
37.5Hz11kN,BiLSTM,215,0.8086889027122606,0.5704726576805115
37.5Hz11kN,BiLSTM,216,0.800254863128196,0.5706304907798767
37.5Hz11kN,BiLSTM,217,0.7882715703874335,0.5731512904167175
37.5Hz11kN,BiLSTM,218,0.7749872250139106,0.575409471988678
37.5Hz11kN,BiLSTM,219,0.7583737570861754,0.5530229806900024
37.5Hz11kN,BiLSTM,220,0.7392035136577202,0.534355640411377
37.5Hz11kN,BiLSTM,221,0.7298307480947349,0.5100692510604858
37.5Hz11kN,BiLSTM,222,0.7242232710619186,0.48648500442504883
37.5Hz11kN,BiLSTM,223,0.7176906439825417,0.45647674798965454
37.5Hz11kN,BiLSTM,224,0.7139211981195723,0.4373514652252197
37.5Hz11kN,BiLSTM,225,0.7037696315489314,0.41968533396720886
37.5Hz11kN,BiLSTM,226,0.6914558025645988,0.40524956583976746
37.5Hz11kN,BiLSTM,227,0.6765751067587941,0.3891131579875946
37.5Hz11kN,BiLSTM,228,0.6628688716426137,0.37876856327056885
37.5Hz11kN,BiLSTM,229,0.6478791394490573,0.3815799355506897
37.5Hz11kN,BiLSTM,230,0.6420084318238821,0.3809717893600464
37.5Hz11kN,BiLSTM,231,0.6322689310974335,0.37793150544166565
37.5Hz11kN,BiLSTM,232,0.625540268380134,0.37425220012664795
37.5Hz11kN,BiLSTM,233,0.6204976921136118,0.37468618154525757
37.5Hz11kN,BiLSTM,234,0.6101769739440297,0.3753775358200073
37.5Hz11kN,BiLSTM,235,0.5987822843705354,0.3745891749858856
37.5Hz11kN,BiLSTM,236,0.5920839071195767,0.3744215965270996
37.5Hz11kN,BiLSTM,237,0.5838353402891819,0.3660125434398651
37.5Hz11kN,BiLSTM,238,0.5729618106262928,0.3676968812942505
37.5Hz11kN,BiLSTM,239,0.5675963302983548,0.36691761016845703
37.5Hz11kN,BiLSTM,240,0.5619511024837148,0.36423301696777344
37.5Hz11kN,BiLSTM,241,0.556811713625563,0.36228522658348083
37.5Hz11kN,BiLSTM,242,0.5518681905490346,0.3609153926372528
37.5Hz11kN,BiLSTM,243,0.5463974522129839,0.3584813177585602
37.5Hz11kN,BiLSTM,244,0.5423639868944095,0.35490551590919495
37.5Hz11kN,BiLSTM,245,0.5429308071671964,0.3511594831943512
37.5Hz11kN,BiLSTM,246,0.5422256821712758,0.34827810525894165
37.5Hz11kN,BiLSTM,247,0.5410796783523616,0.3492128551006317
37.5Hz11kN,BiLSTM,248,0.541289235894608,0.3511277735233307
37.5Hz11kN,BiLSTM,249,0.5391211571167769,0.3494085669517517
37.5Hz11kN,BiLSTM,250,0.5324484214553555,0.3463273346424103
37.5Hz11kN,BiLSTM,251,0.5289509451689595,0.3452742099761963
37.5Hz11kN,BiLSTM,252,0.5281397936829209,0.3466094136238098
37.5Hz11kN,BiLSTM,253,0.5257500058678571,0.3464948832988739
37.5Hz11kN,BiLSTM,254,0.5205251279529338,0.3459925055503845
37.5Hz11kN,BiLSTM,255,0.517401069331961,0.34696629643440247
37.5Hz11kN,BiLSTM,256,0.5088943924197302,0.34770289063453674
37.5Hz11kN,BiLSTM,257,0.5005823612878488,0.3316430449485779
37.5Hz11kN,BiLSTM,258,0.49382609685884465,0.321430504322052
37.5Hz11kN,BiLSTM,259,0.4905664149437465,0.3103359639644623
37.5Hz11kN,BiLSTM,260,0.48443790740004894,0.2951298952102661
37.5Hz11kN,BiLSTM,261,0.4774823835560348,0.27471011877059937
37.5Hz11kN,BiLSTM,262,0.4661323342767587,0.24930770695209503
37.5Hz11kN,BiLSTM,263,0.4587501955949853,0.22151196002960205
37.5Hz11kN,BiLSTM,264,0.4518185324741548,0.18907593190670013
37.5Hz11kN,BiLSTM,265,0.4416311318103025,0.16080699861049652
37.5Hz11kN,BiLSTM,266,0.4344256009494192,0.14656861126422882
37.5Hz11kN,BiLSTM,267,0.4291339569349469,0.1405428946018219
37.5Hz11kN,BiLSTM,268,0.4197586061511117,0.13013812899589539
37.5Hz11kN,BiLSTM,269,0.43626660180273447,0.1182190552353859
37.5Hz11kN,BiLSTM,270,0.4593874703960813,0.11023904383182526
37.5Hz11kN,BiLSTM,271,0.47860201309207523,0.10546408593654633
37.5Hz11kN,BiLSTM,272,0.4976950084562534,0.1345902979373932
37.5Hz11kN,BiLSTM,273,0.5147051687165941,0.1684783548116684
37.5Hz11kN,BiLSTM,274,0.5001241243981123,0.1940235048532486
37.5Hz11kN,BiLSTM,275,0.48207719984593,0.2068972885608673
37.5Hz11kN,BiLSTM,276,0.47168513911734555,0.2153034508228302
37.5Hz11kN,BiLSTM,277,0.4647259222997048,0.20577716827392578
37.5Hz11kN,BiLSTM,278,0.4661266112956576,0.19512879848480225
37.5Hz11kN,BiLSTM,279,0.4753762204688017,0.18462657928466797
37.5Hz11kN,BiLSTM,280,0.4884365275174273,0.17576266825199127
37.5Hz11kN,BiLSTM,281,0.4917897879491945,0.1675097793340683
37.5Hz11kN,BiLSTM,282,0.49005008288130414,0.16071461141109467
37.5Hz11kN,BiLSTM,283,0.482436539484551,0.17357687652111053
37.5Hz11kN,BiLSTM,284,0.4725318695492847,0.1647825688123703
37.5Hz11kN,BiLSTM,285,0.45710496202221024,0.15553651750087738
37.5Hz11kN,BiLSTM,286,0.4517607669355389,0.1475948691368103
37.5Hz11kN,BiLSTM,287,0.4478764624863998,0.13960760831832886
37.5Hz11kN,BiLSTM,288,0.43894794788771635,0.12896206974983215
37.5Hz11kN,BiLSTM,289,0.43312209024105924,0.12073551118373871
37.5Hz11kN,BiLSTM,290,0.42609505720640806,0.11172215640544891
37.5Hz11kN,BiLSTM,291,0.409671470958944,0.09832679480314255
37.5Hz11kN,BiLSTM,292,0.3929419850624366,0.09373006969690323
37.5Hz11kN,BiLSTM,293,0.37734023436955466,0.08678125590085983
37.5Hz11kN,BiLSTM,294,0.3562937979342954,0.07159791886806488
37.5Hz11kN,BiLSTM,295,0.3339985283264825,0.06499471515417099
37.5Hz11kN,BiLSTM,296,0.3018520412613998,0.05647937208414078
37.5Hz11kN,BiLSTM,297,0.2689574828577256,0.045465901494026184
37.5Hz11kN,BiLSTM,298,0.24355595797186735,0.0368354357779026
37.5Hz11kN,BiLSTM,299,0.22728307287281996,0.02613965794444084
37.5Hz11kN,BiLSTM,300,0.21280190183827113,0.02014829032123089
37.5Hz11kN,BiLSTM,301,0.21575080422832182,0.015153640881180763
37.5Hz11kN,BiLSTM,302,0.21824897700041618,0.013029659166932106
37.5Hz11kN,BiLSTM,303,0.21807543938327792,0.011172328144311905
37.5Hz11kN,BiLSTM,304,0.20957229061669597,0.010207828134298325
37.5Hz11kN,BiLSTM,305,0.201401908576951,0.008734045550227165
37.5Hz11kN,BiLSTM,306,0.19170307331853179,0.007587166037410498
37.5Hz11kN,BiLSTM,307,0.18589507753690324,0.006648361682891846
37.5Hz11kN,BiLSTM,308,0.18049375668574302,0.0051302784122526646
37.5Hz11kN,BiLSTM,309,0.17540677211367667,0.003361521987244487
37.5Hz11kN,BiLSTM,310,0.17047511668794696,0.0019371832022443414
37.5Hz11kN,BiLSTM,311,0.19043062215906592,0.0010866356315091252
37.5Hz11kN,BiLSTM,312,0.2177946969451212,0.0004778715956490487
37.5Hz11kN,BiLSTM,313,0.2392562305892847,0.000574573699850589
37.5Hz11kN,BiLSTM,314,0.25783009674836227,0.002067089779302478
37.5Hz11kN,BiLSTM,315,0.27497183565833205,0.006484877318143845
37.5Hz11kN,BiLSTM,316,0.2643139272528565,0.009908981621265411
37.5Hz11kN,BiLSTM,317,0.23031871907801732,0.01365863997489214
37.5Hz11kN,BiLSTM,318,0.19032980465697086,0.017986413091421127
37.5Hz11kN,BiLSTM,319,0.1511205073156955,0.021136660128831863
37.5Hz11kN,BiLSTM,320,0.11113579924346899,0.019769808277487755
37.5Hz11kN,BiLSTM,321,0.08866368799129457,0.014276523143053055
37.5Hz11kN,BiLSTM,322,0.0883063374628806,0.010234651155769825
37.5Hz11kN,BiLSTM,323,0.10558881042975385,0.006827353499829769
37.5Hz11kN,BiLSTM,324,0.1277673987029126,0.0036561221349984407
37.5Hz11kN,BiLSTM,325,0.12950631519331107,0.003260152181610465
37.5Hz11kN,BiLSTM,326,0.10863854111970886,0.002623276086524129
37.5Hz11kN,BiLSTM,327,0.10055925553050943,0.0029510422609746456
37.5Hz11kN,BiLSTM,328,0.07582585478600412,0.0009229352581314743
37.5Hz11kN,CNN-BiLSTM,0,0.9756015444461635,0.7556460499763489
37.5Hz11kN,CNN-BiLSTM,1,0.976550439267676,0.7818996906280518
37.5Hz11kN,CNN-BiLSTM,2,0.9772426140410053,0.7980774641036987
37.5Hz11kN,CNN-BiLSTM,3,0.9783979524330455,0.7679644823074341
37.5Hz11kN,CNN-BiLSTM,4,0.9787490736260962,0.7381682395935059
37.5Hz11kN,CNN-BiLSTM,5,0.9804942746669514,0.7822751998901367
37.5Hz11kN,CNN-BiLSTM,6,0.9824557183112278,0.771165132522583
37.5Hz11kN,CNN-BiLSTM,7,0.9835095214074665,0.7843915820121765
37.5Hz11kN,CNN-BiLSTM,8,0.9837993383391442,0.795160710811615
37.5Hz11kN,CNN-BiLSTM,9,0.9844413701169415,0.7890075445175171
37.5Hz11kN,CNN-BiLSTM,10,0.9847447607951025,0.7859420776367188
37.5Hz11kN,CNN-BiLSTM,11,0.9848203991458023,0.7796775102615356
37.5Hz11kN,CNN-BiLSTM,12,0.9848561936658762,0.7906877398490906
37.5Hz11kN,CNN-BiLSTM,13,0.9855374589357699,0.8044499754905701
37.5Hz11kN,CNN-BiLSTM,14,0.985861019425189,0.8051144480705261
37.5Hz11kN,CNN-BiLSTM,15,0.9857270233378698,0.7855861186981201
37.5Hz11kN,CNN-BiLSTM,16,0.9860613392458125,0.7940284609794617
37.5Hz11kN,CNN-BiLSTM,17,0.9859273858017484,0.7953757643699646
37.5Hz11kN,CNN-BiLSTM,18,0.9858881402163199,0.8027431964874268
37.5Hz11kN,CNN-BiLSTM,19,0.9864372198897933,0.8074706792831421
37.5Hz11kN,CNN-BiLSTM,20,0.9863588145152089,0.8079665303230286
37.5Hz11kN,CNN-BiLSTM,21,0.9863618301548428,0.8062426447868347
37.5Hz11kN,CNN-BiLSTM,22,0.9877854429802753,0.812407374382019
37.5Hz11kN,CNN-BiLSTM,23,0.9880632853348441,0.8080206513404846
37.5Hz11kN,CNN-BiLSTM,24,0.9880730213171767,0.8123210072517395
37.5Hz11kN,CNN-BiLSTM,25,0.9890976699105896,0.8204526305198669
37.5Hz11kN,CNN-BiLSTM,26,0.9890522284628419,0.812281608581543
37.5Hz11kN,CNN-BiLSTM,27,0.9882753773292453,0.8077442646026611
37.5Hz11kN,CNN-BiLSTM,28,0.9889918990372898,0.8083783388137817
37.5Hz11kN,CNN-BiLSTM,29,0.9907373176668642,0.8018254637718201
37.5Hz11kN,CNN-BiLSTM,30,0.9912846818547006,0.8037641644477844
37.5Hz11kN,CNN-BiLSTM,31,0.9929128011203812,0.8072923421859741
37.5Hz11kN,CNN-BiLSTM,32,0.9943799528108324,0.8174751400947571
37.5Hz11kN,CNN-BiLSTM,33,0.9954070344646301,0.8084580302238464
37.5Hz11kN,CNN-BiLSTM,34,0.9948520455826173,0.8129085898399353
37.5Hz11kN,CNN-BiLSTM,35,0.9952735160411079,0.8113752603530884
37.5Hz11kN,CNN-BiLSTM,36,0.9946855161546428,0.8078510165214539
37.5Hz11kN,CNN-BiLSTM,37,0.9944288699787084,0.8076707720756531
37.5Hz11kN,CNN-BiLSTM,38,0.9944425128678189,0.803412675857544
37.5Hz11kN,CNN-BiLSTM,39,0.9939711720517577,0.7999699711799622
37.5Hz11kN,CNN-BiLSTM,40,0.9939173273213214,0.8076067566871643
37.5Hz11kN,CNN-BiLSTM,41,0.9934689362892094,0.8023388385772705
37.5Hz11kN,CNN-BiLSTM,42,0.9931563363147781,0.8026182055473328
37.5Hz11kN,CNN-BiLSTM,43,0.9922752810034184,0.8046674132347107
37.5Hz11kN,CNN-BiLSTM,44,0.9925828734287752,0.8022406101226807
37.5Hz11kN,CNN-BiLSTM,45,0.9925105298019317,0.8065270185470581
37.5Hz11kN,CNN-BiLSTM,46,0.9934254291644375,0.8148521780967712
37.5Hz11kN,CNN-BiLSTM,47,0.9939445534356068,0.8095151782035828
37.5Hz11kN,CNN-BiLSTM,48,0.9948038795125542,0.8175196647644043
37.5Hz11kN,CNN-BiLSTM,49,0.9949388201119728,0.824135422706604
37.5Hz11kN,CNN-BiLSTM,50,0.994619478808111,0.8161935210227966
37.5Hz11kN,CNN-BiLSTM,51,0.994262057043047,0.8114759922027588
37.5Hz11kN,CNN-BiLSTM,52,0.9938915002100808,0.8156202435493469
37.5Hz11kN,CNN-BiLSTM,53,0.9940370763830453,0.8170332312583923
37.5Hz11kN,CNN-BiLSTM,54,0.9950328080415785,0.8167261481285095
37.5Hz11kN,CNN-BiLSTM,55,0.996066036721021,0.8200047612190247
37.5Hz11kN,CNN-BiLSTM,56,0.996149774646795,0.8170066475868225
37.5Hz11kN,CNN-BiLSTM,57,0.9970625870179882,0.8213521838188171
37.5Hz11kN,CNN-BiLSTM,58,0.9965184471398867,0.8228546380996704
37.5Hz11kN,CNN-BiLSTM,59,0.9963767180503604,0.8188378214836121
37.5Hz11kN,CNN-BiLSTM,60,0.9954372360168078,0.8177176713943481
37.5Hz11kN,CNN-BiLSTM,61,0.9953935302255449,0.8155619502067566
37.5Hz11kN,CNN-BiLSTM,62,0.9945914917931266,0.8180429935455322
37.5Hz11kN,CNN-BiLSTM,63,0.9946797109249225,0.8086690306663513
37.5Hz11kN,CNN-BiLSTM,64,0.9944530634600742,0.8147004246711731
37.5Hz11kN,CNN-BiLSTM,65,0.9946286426906623,0.8152468800544739
37.5Hz11kN,CNN-BiLSTM,66,0.9945356590512885,0.818534255027771
37.5Hz11kN,CNN-BiLSTM,67,0.9946748802708717,0.8230884671211243
37.5Hz11kN,CNN-BiLSTM,68,0.9943662413820121,0.8110799193382263
37.5Hz11kN,CNN-BiLSTM,69,0.9945524968445204,0.8110383152961731
37.5Hz11kN,CNN-BiLSTM,70,0.9950255380877463,0.8228729963302612
37.5Hz11kN,CNN-BiLSTM,71,0.9954120130919023,0.8229828476905823
37.5Hz11kN,CNN-BiLSTM,72,0.9953186400657135,0.8192274570465088
37.5Hz11kN,CNN-BiLSTM,73,0.9955219390690347,0.825976550579071
37.5Hz11kN,CNN-BiLSTM,74,0.9951375673805185,0.8229019641876221
37.5Hz11kN,CNN-BiLSTM,75,0.9946298012303927,0.8222935199737549
37.5Hz11kN,CNN-BiLSTM,76,0.9951731979340499,0.8227307796478271
37.5Hz11kN,CNN-BiLSTM,77,0.9960076118680414,0.8287825584411621
37.5Hz11kN,CNN-BiLSTM,78,0.9966805746798567,0.8232067227363586
37.5Hz11kN,CNN-BiLSTM,79,0.9966879336776138,0.8266638517379761
37.5Hz11kN,CNN-BiLSTM,80,0.9965515343085272,0.8215002417564392
37.5Hz11kN,CNN-BiLSTM,81,0.9960114721300624,0.8194684386253357
37.5Hz11kN,CNN-BiLSTM,82,0.9956379585548596,0.8175409436225891
37.5Hz11kN,CNN-BiLSTM,83,0.9950093361194121,0.8203344345092773
37.5Hz11kN,CNN-BiLSTM,84,0.9958284184193179,0.828341007232666
37.5Hz11kN,CNN-BiLSTM,85,0.996292118348155,0.8248887062072754
37.5Hz11kN,CNN-BiLSTM,86,0.9967023983802958,0.821460485458374
37.5Hz11kN,CNN-BiLSTM,87,0.9966557914319452,0.8157128691673279
37.5Hz11kN,CNN-BiLSTM,88,0.9975953183032322,0.8198884129524231
37.5Hz11kN,CNN-BiLSTM,89,0.9976914735881806,0.8233591914176941
37.5Hz11kN,CNN-BiLSTM,90,0.9981219833602448,0.827479362487793
37.5Hz11kN,CNN-BiLSTM,91,0.9985347224121769,0.8349083065986633
37.5Hz11kN,CNN-BiLSTM,92,0.9992547340844846,0.8345859050750732
37.5Hz11kN,CNN-BiLSTM,93,0.998956098708174,0.8320391774177551
37.5Hz11kN,CNN-BiLSTM,94,0.9988342462787511,0.8243116140365601
37.5Hz11kN,CNN-BiLSTM,95,0.9983848624495447,0.8254774808883667
37.5Hz11kN,CNN-BiLSTM,96,0.9985060228527904,0.8266962766647339
37.5Hz11kN,CNN-BiLSTM,97,0.9985554560658876,0.8265672326087952
37.5Hz11kN,CNN-BiLSTM,98,0.9988414959503027,0.8238006830215454
37.5Hz11kN,CNN-BiLSTM,99,0.9982644771950941,0.8277536630630493
37.5Hz11kN,CNN-BiLSTM,100,0.9979924107666077,0.8288900852203369
37.5Hz11kN,CNN-BiLSTM,101,0.9977170956418467,0.8235588073730469
37.5Hz11kN,CNN-BiLSTM,102,0.996852922848848,0.8212918639183044
37.5Hz11kN,CNN-BiLSTM,103,0.9965052473844599,0.8177457451820374
37.5Hz11kN,CNN-BiLSTM,104,0.9968182251633678,0.8266521096229553
37.5Hz11kN,CNN-BiLSTM,105,0.9976416780046918,0.8369760513305664
37.5Hz11kN,CNN-BiLSTM,106,0.9969127474711993,0.8245192766189575
37.5Hz11kN,CNN-BiLSTM,107,0.9967081845325587,0.8296052813529968
37.5Hz11kN,CNN-BiLSTM,108,0.9930319772024381,0.8248237371444702
37.5Hz11kN,CNN-BiLSTM,109,0.987229376349952,0.8303170800209045
37.5Hz11kN,CNN-BiLSTM,110,0.9803238232318854,0.8369631171226501
37.5Hz11kN,CNN-BiLSTM,111,0.9743243497232894,0.8280732035636902
37.5Hz11kN,CNN-BiLSTM,112,0.9687988246919396,0.7811435461044312
37.5Hz11kN,CNN-BiLSTM,113,0.9661238367261225,0.7948900461196899
37.5Hz11kN,CNN-BiLSTM,114,0.9655132259086697,0.7671275734901428
37.5Hz11kN,CNN-BiLSTM,115,0.9656261801450489,0.7380947470664978
37.5Hz11kN,CNN-BiLSTM,116,0.9657355940890783,0.7414299845695496
37.5Hz11kN,CNN-BiLSTM,117,0.965412383844247,0.7281350493431091
37.5Hz11kN,CNN-BiLSTM,118,0.964899294487633,0.7237309813499451
37.5Hz11kN,CNN-BiLSTM,119,0.9648527968573817,0.7435599565505981
37.5Hz11kN,CNN-BiLSTM,120,0.9645533696099775,0.7520440816879272
37.5Hz11kN,CNN-BiLSTM,121,0.9639887930365051,0.7515161037445068
37.5Hz11kN,CNN-BiLSTM,122,0.9631869302607384,0.7603325247764587
37.5Hz11kN,CNN-BiLSTM,123,0.9631824075475771,0.7602699398994446
37.5Hz11kN,CNN-BiLSTM,124,0.9626658543880824,0.7599645853042603
37.5Hz11kN,CNN-BiLSTM,125,0.9618433456873465,0.7614227533340454
37.5Hz11kN,CNN-BiLSTM,126,0.9617268826931049,0.7627435922622681
37.5Hz11kN,CNN-BiLSTM,127,0.9619004281512753,0.7564670443534851
37.5Hz11kN,CNN-BiLSTM,128,0.9614094532074752,0.7572166323661804
37.5Hz11kN,CNN-BiLSTM,129,0.9610467451804812,0.7528812289237976
37.5Hz11kN,CNN-BiLSTM,130,0.9611699471930848,0.7498664259910583
37.5Hz11kN,CNN-BiLSTM,131,0.9605511718803849,0.7446335554122925
37.5Hz11kN,CNN-BiLSTM,132,0.9601545867829092,0.7407746911048889
37.5Hz11kN,CNN-BiLSTM,133,0.9583823432291447,0.7393708825111389
37.5Hz11kN,CNN-BiLSTM,134,0.9562463261370917,0.7275834679603577
37.5Hz11kN,CNN-BiLSTM,135,0.953677600118539,0.7228601574897766
37.5Hz11kN,CNN-BiLSTM,136,0.951610380034019,0.710843026638031
37.5Hz11kN,CNN-BiLSTM,137,0.9492017024184769,0.72358638048172
37.5Hz11kN,CNN-BiLSTM,138,0.9476781722586939,0.724567711353302
37.5Hz11kN,CNN-BiLSTM,139,0.9470308938203911,0.730557918548584
37.5Hz11kN,CNN-BiLSTM,140,0.9464595539350741,0.7327228784561157
37.5Hz11kN,CNN-BiLSTM,141,0.9455237991812862,0.7357157468795776
37.5Hz11kN,CNN-BiLSTM,142,0.945016261183574,0.734434187412262
37.5Hz11kN,CNN-BiLSTM,143,0.9452730899438109,0.7399889230728149
37.5Hz11kN,CNN-BiLSTM,144,0.944737804344881,0.740898609161377
37.5Hz11kN,CNN-BiLSTM,145,0.9442308848797838,0.749076247215271
37.5Hz11kN,CNN-BiLSTM,146,0.9439217677447704,0.7426721453666687
37.5Hz11kN,CNN-BiLSTM,147,0.9429163440787633,0.752807080745697
37.5Hz11kN,CNN-BiLSTM,148,0.942233461377764,0.7492760419845581
37.5Hz11kN,CNN-BiLSTM,149,0.9414446480670836,0.7526421546936035
37.5Hz11kN,CNN-BiLSTM,150,0.940966004548191,0.740166187286377
37.5Hz11kN,CNN-BiLSTM,151,0.9404352980617514,0.755334734916687
37.5Hz11kN,CNN-BiLSTM,152,0.9354412894292065,0.7467703819274902
37.5Hz11kN,CNN-BiLSTM,153,0.9297943139312135,0.7386069297790527
37.5Hz11kN,CNN-BiLSTM,154,0.9237190399550169,0.7315701842308044
37.5Hz11kN,CNN-BiLSTM,155,0.917161784858567,0.70625239610672
37.5Hz11kN,CNN-BiLSTM,156,0.9086252519140124,0.6812821626663208
37.5Hz11kN,CNN-BiLSTM,157,0.9049397200863407,0.6678466796875
37.5Hz11kN,CNN-BiLSTM,158,0.9010135111816371,0.6640160083770752
37.5Hz11kN,CNN-BiLSTM,159,0.8973400521602979,0.6597439646720886
37.5Hz11kN,CNN-BiLSTM,160,0.8937332118562213,0.6534371972084045
37.5Hz11kN,CNN-BiLSTM,161,0.8918385079093241,0.6473767757415771
37.5Hz11kN,CNN-BiLSTM,162,0.8895937626984207,0.6426737904548645
37.5Hz11kN,CNN-BiLSTM,163,0.8879146796522377,0.6387706398963928
37.5Hz11kN,CNN-BiLSTM,164,0.8860659361630436,0.6368657350540161
37.5Hz11kN,CNN-BiLSTM,165,0.8841089204261321,0.6364176869392395
37.5Hz11kN,CNN-BiLSTM,166,0.8820337128132334,0.6372125148773193
37.5Hz11kN,CNN-BiLSTM,167,0.8797081578812979,0.6438018083572388
37.5Hz11kN,CNN-BiLSTM,168,0.8772368736961054,0.6484317779541016
37.5Hz11kN,CNN-BiLSTM,169,0.8747688609408634,0.6542259454727173
37.5Hz11kN,CNN-BiLSTM,170,0.8683600064475726,0.6510241627693176
37.5Hz11kN,CNN-BiLSTM,171,0.8596485998174724,0.6485063433647156
37.5Hz11kN,CNN-BiLSTM,172,0.8507725616231815,0.6424450874328613
37.5Hz11kN,CNN-BiLSTM,173,0.8399448278088133,0.6333982944488525
37.5Hz11kN,CNN-BiLSTM,174,0.8294088198149051,0.6188812255859375
37.5Hz11kN,CNN-BiLSTM,175,0.8221726796658629,0.6057298183441162
37.5Hz11kN,CNN-BiLSTM,176,0.8155840305964521,0.591983437538147
37.5Hz11kN,CNN-BiLSTM,177,0.807118308992797,0.5756281614303589
37.5Hz11kN,CNN-BiLSTM,178,0.7940669685762571,0.5638622641563416
37.5Hz11kN,CNN-BiLSTM,179,0.778612626662647,0.5563635230064392
37.5Hz11kN,CNN-BiLSTM,180,0.7599850245524316,0.543784499168396
37.5Hz11kN,CNN-BiLSTM,181,0.739939938453052,0.5172337293624878
37.5Hz11kN,CNN-BiLSTM,182,0.7216887122825085,0.4799288213253021
37.5Hz11kN,CNN-BiLSTM,183,0.7075640403914754,0.4385504126548767
37.5Hz11kN,CNN-BiLSTM,184,0.6965071450035973,0.38413020968437195
37.5Hz11kN,CNN-BiLSTM,185,0.6904751051853812,0.36846813559532166
37.5Hz11kN,CNN-BiLSTM,186,0.6862923608061993,0.3249540328979492
37.5Hz11kN,CNN-BiLSTM,187,0.6833931729504023,0.2899829149246216
37.5Hz11kN,CNN-BiLSTM,188,0.6803735313596786,0.27463796734809875
37.5Hz11kN,CNN-BiLSTM,189,0.6820175920564492,0.2609003186225891
37.5Hz11kN,CNN-BiLSTM,190,0.6726322307532504,0.23937839269638062
37.5Hz11kN,CNN-BiLSTM,191,0.6680212721150073,0.2235398292541504
37.5Hz11kN,CNN-BiLSTM,192,0.6632629605288223,0.23347517848014832
37.5Hz11kN,CNN-BiLSTM,193,0.6684993711205907,0.21610072255134583
37.5Hz11kN,CNN-BiLSTM,194,0.6804399631202042,0.20783445239067078
37.5Hz11kN,CNN-BiLSTM,195,0.7091607181867676,0.2224733978509903
37.5Hz11kN,CNN-BiLSTM,196,0.7390972131337344,0.2520463466644287
37.5Hz11kN,CNN-BiLSTM,197,0.7700926430376356,0.30000460147857666
37.5Hz11kN,CNN-BiLSTM,198,0.7947700981150093,0.33972299098968506
37.5Hz11kN,CNN-BiLSTM,199,0.8070363199537047,0.3818850815296173
37.5Hz11kN,CNN-BiLSTM,200,0.8125172951436992,0.4388273358345032
37.5Hz11kN,CNN-BiLSTM,201,0.8152053708101594,0.48580610752105713
37.5Hz11kN,CNN-BiLSTM,202,0.8101501121609445,0.5364583730697632
37.5Hz11kN,CNN-BiLSTM,203,0.8037507692311194,0.5729659795761108
37.5Hz11kN,CNN-BiLSTM,204,0.7986415785931459,0.6000117659568787
37.5Hz11kN,CNN-BiLSTM,205,0.7952370502330105,0.6226892471313477
37.5Hz11kN,CNN-BiLSTM,206,0.7889293845908032,0.6301994919776917
37.5Hz11kN,CNN-BiLSTM,207,0.7884200265870966,0.6315426230430603
37.5Hz11kN,CNN-BiLSTM,208,0.788217455906304,0.6270670890808105
37.5Hz11kN,CNN-BiLSTM,209,0.7902568828461092,0.6043182611465454
37.5Hz11kN,CNN-BiLSTM,210,0.7916497872249618,0.5813751816749573
37.5Hz11kN,CNN-BiLSTM,211,0.7951140711344609,0.5715828537940979
37.5Hz11kN,CNN-BiLSTM,212,0.798956436850387,0.5570726990699768
37.5Hz11kN,CNN-BiLSTM,213,0.8034899917423216,0.5600355267524719
37.5Hz11kN,CNN-BiLSTM,214,0.8062193659485413,0.5452752709388733
37.5Hz11kN,CNN-BiLSTM,215,0.8086889027122606,0.5558686256408691
37.5Hz11kN,CNN-BiLSTM,216,0.800254863128196,0.5432044267654419
37.5Hz11kN,CNN-BiLSTM,217,0.7882715703874335,0.5534788966178894
37.5Hz11kN,CNN-BiLSTM,218,0.7749872250139106,0.5665972232818604
37.5Hz11kN,CNN-BiLSTM,219,0.7583737570861754,0.5315382480621338
37.5Hz11kN,CNN-BiLSTM,220,0.7392035136577202,0.530495285987854
37.5Hz11kN,CNN-BiLSTM,221,0.7298307480947349,0.5052616596221924
37.5Hz11kN,CNN-BiLSTM,222,0.7242232710619186,0.4854820966720581
37.5Hz11kN,CNN-BiLSTM,223,0.7176906439825417,0.4728032052516937
37.5Hz11kN,CNN-BiLSTM,224,0.7139211981195723,0.45892462134361267
37.5Hz11kN,CNN-BiLSTM,225,0.7037696315489314,0.43526691198349
37.5Hz11kN,CNN-BiLSTM,226,0.6914558025645988,0.4094037115573883
37.5Hz11kN,CNN-BiLSTM,227,0.6765751067587941,0.3842744529247284
37.5Hz11kN,CNN-BiLSTM,228,0.6628688716426137,0.3509286642074585
37.5Hz11kN,CNN-BiLSTM,229,0.6478791394490573,0.3577060401439667
37.5Hz11kN,CNN-BiLSTM,230,0.6420084318238821,0.3516843020915985
37.5Hz11kN,CNN-BiLSTM,231,0.6322689310974335,0.35957878828048706
37.5Hz11kN,CNN-BiLSTM,232,0.625540268380134,0.3554835319519043
37.5Hz11kN,CNN-BiLSTM,233,0.6204976921136118,0.35730820894241333
37.5Hz11kN,CNN-BiLSTM,234,0.6101769739440297,0.34536656737327576
37.5Hz11kN,CNN-BiLSTM,235,0.5987822843705354,0.37614530324935913
37.5Hz11kN,CNN-BiLSTM,236,0.5920839071195767,0.36927661299705505
37.5Hz11kN,CNN-BiLSTM,237,0.5838353402891819,0.362441748380661
37.5Hz11kN,CNN-BiLSTM,238,0.5729618106262928,0.33014705777168274
37.5Hz11kN,CNN-BiLSTM,239,0.5675963302983548,0.2970692813396454
37.5Hz11kN,CNN-BiLSTM,240,0.5619511024837148,0.2645179331302643
37.5Hz11kN,CNN-BiLSTM,241,0.556811713625563,0.2451869547367096
37.5Hz11kN,CNN-BiLSTM,242,0.5518681905490346,0.23228119313716888
37.5Hz11kN,CNN-BiLSTM,243,0.5463974522129839,0.20712846517562866
37.5Hz11kN,CNN-BiLSTM,244,0.5423639868944095,0.19243891537189484
37.5Hz11kN,CNN-BiLSTM,245,0.5429308071671964,0.17653726041316986
37.5Hz11kN,CNN-BiLSTM,246,0.5422256821712758,0.16655811667442322
37.5Hz11kN,CNN-BiLSTM,247,0.5410796783523616,0.1556234359741211
37.5Hz11kN,CNN-BiLSTM,248,0.541289235894608,0.15226471424102783
37.5Hz11kN,CNN-BiLSTM,249,0.5391211571167769,0.14727547764778137
37.5Hz11kN,CNN-BiLSTM,250,0.5324484214553555,0.1405126005411148
37.5Hz11kN,CNN-BiLSTM,251,0.5289509451689595,0.13774360716342926
37.5Hz11kN,CNN-BiLSTM,252,0.5281397936829209,0.1369229257106781
37.5Hz11kN,CNN-BiLSTM,253,0.5257500058678571,0.13416308164596558
37.5Hz11kN,CNN-BiLSTM,254,0.5205251279529338,0.13044589757919312
37.5Hz11kN,CNN-BiLSTM,255,0.517401069331961,0.13277927041053772
37.5Hz11kN,CNN-BiLSTM,256,0.5088943924197302,0.11950614303350449
37.5Hz11kN,CNN-BiLSTM,257,0.5005823612878488,0.10927974432706833
37.5Hz11kN,CNN-BiLSTM,258,0.49382609685884465,0.10285075753927231
37.5Hz11kN,CNN-BiLSTM,259,0.4905664149437465,0.10218476504087448
37.5Hz11kN,CNN-BiLSTM,260,0.48443790740004894,0.10014534741640091
37.5Hz11kN,CNN-BiLSTM,261,0.4774823835560348,0.0989663228392601
37.5Hz11kN,CNN-BiLSTM,262,0.4661323342767587,0.0938190147280693
37.5Hz11kN,CNN-BiLSTM,263,0.4587501955949853,0.0917583778500557
37.5Hz11kN,CNN-BiLSTM,264,0.4518185324741548,0.08988156169652939
37.5Hz11kN,CNN-BiLSTM,265,0.4416311318103025,0.08360117673873901
37.5Hz11kN,CNN-BiLSTM,266,0.4344256009494192,0.08070120960474014
37.5Hz11kN,CNN-BiLSTM,267,0.4291339569349469,0.083381786942482
37.5Hz11kN,CNN-BiLSTM,268,0.4197586061511117,0.08249837160110474
37.5Hz11kN,CNN-BiLSTM,269,0.43626660180273447,0.0786246508359909
37.5Hz11kN,CNN-BiLSTM,270,0.4593874703960813,0.07631449401378632
37.5Hz11kN,CNN-BiLSTM,271,0.47860201309207523,0.07449520379304886
37.5Hz11kN,CNN-BiLSTM,272,0.4976950084562534,0.08032619208097458
37.5Hz11kN,CNN-BiLSTM,273,0.5147051687165941,0.08482860028743744
37.5Hz11kN,CNN-BiLSTM,274,0.5001241243981123,0.08315519243478775
37.5Hz11kN,CNN-BiLSTM,275,0.48207719984593,0.0796188935637474
37.5Hz11kN,CNN-BiLSTM,276,0.47168513911734555,0.07583196461200714
37.5Hz11kN,CNN-BiLSTM,277,0.4647259222997048,0.07253408432006836
37.5Hz11kN,CNN-BiLSTM,278,0.4661266112956576,0.07149442285299301
37.5Hz11kN,CNN-BiLSTM,279,0.4753762204688017,0.0750143975019455
37.5Hz11kN,CNN-BiLSTM,280,0.4884365275174273,0.08387453854084015
37.5Hz11kN,CNN-BiLSTM,281,0.4917897879491945,0.09227369725704193
37.5Hz11kN,CNN-BiLSTM,282,0.49005008288130414,0.08781608939170837
37.5Hz11kN,CNN-BiLSTM,283,0.482436539484551,0.08469516783952713
37.5Hz11kN,CNN-BiLSTM,284,0.4725318695492847,0.07859155535697937
37.5Hz11kN,CNN-BiLSTM,285,0.45710496202221024,0.07266346365213394
37.5Hz11kN,CNN-BiLSTM,286,0.4517607669355389,0.0709005817770958
37.5Hz11kN,CNN-BiLSTM,287,0.4478764624863998,0.07057029753923416
37.5Hz11kN,CNN-BiLSTM,288,0.43894794788771635,0.06958907842636108
37.5Hz11kN,CNN-BiLSTM,289,0.43312209024105924,0.07147710770368576
37.5Hz11kN,CNN-BiLSTM,290,0.42609505720640806,0.07081013917922974
37.5Hz11kN,CNN-BiLSTM,291,0.409671470958944,0.0695914626121521
37.5Hz11kN,CNN-BiLSTM,292,0.3929419850624366,0.06852270662784576
37.5Hz11kN,CNN-BiLSTM,293,0.37734023436955466,0.06756728887557983
37.5Hz11kN,CNN-BiLSTM,294,0.3562937979342954,0.06554775685071945
37.5Hz11kN,CNN-BiLSTM,295,0.3339985283264825,0.06374389678239822
37.5Hz11kN,CNN-BiLSTM,296,0.3018520412613998,0.06261648237705231
37.5Hz11kN,CNN-BiLSTM,297,0.2689574828577256,0.06130608543753624
37.5Hz11kN,CNN-BiLSTM,298,0.24355595797186735,0.06006655842065811
37.5Hz11kN,CNN-BiLSTM,299,0.22728307287281996,0.058715131133794785
37.5Hz11kN,CNN-BiLSTM,300,0.21280190183827113,0.05987536907196045
37.5Hz11kN,CNN-BiLSTM,301,0.21575080422832182,0.058859169483184814
37.5Hz11kN,CNN-BiLSTM,302,0.21824897700041618,0.058669570833444595
37.5Hz11kN,CNN-BiLSTM,303,0.21807543938327792,0.056455325335264206
37.5Hz11kN,CNN-BiLSTM,304,0.20957229061669597,0.05287151038646698
37.5Hz11kN,CNN-BiLSTM,305,0.201401908576951,0.049062661826610565
37.5Hz11kN,CNN-BiLSTM,306,0.19170307331853179,0.04346520081162453
37.5Hz11kN,CNN-BiLSTM,307,0.18589507753690324,0.04449419677257538
37.5Hz11kN,CNN-BiLSTM,308,0.18049375668574302,0.039203472435474396
37.5Hz11kN,CNN-BiLSTM,309,0.17540677211367667,0.043372105807065964
37.5Hz11kN,CNN-BiLSTM,310,0.17047511668794696,0.04186207801103592
37.5Hz11kN,CNN-BiLSTM,311,0.19043062215906592,0.03617769479751587
37.5Hz11kN,CNN-BiLSTM,312,0.2177946969451212,0.037116073071956635
37.5Hz11kN,CNN-BiLSTM,313,0.2392562305892847,0.0316636860370636
37.5Hz11kN,CNN-BiLSTM,314,0.25783009674836227,0.031023981049656868
37.5Hz11kN,CNN-BiLSTM,315,0.27497183565833205,0.019585825502872467
37.5Hz11kN,CNN-BiLSTM,316,0.2643139272528565,0.018071267753839493
37.5Hz11kN,CNN-BiLSTM,317,0.23031871907801732,0.01979833096265793
37.5Hz11kN,CNN-BiLSTM,318,0.19032980465697086,0.022626204416155815
37.5Hz11kN,CNN-BiLSTM,319,0.1511205073156955,0.039814893156290054
37.5Hz11kN,CNN-BiLSTM,320,0.11113579924346899,0.05320297181606293
37.5Hz11kN,CNN-BiLSTM,321,0.08866368799129457,0.05273771658539772
37.5Hz11kN,CNN-BiLSTM,322,0.0883063374628806,0.05650736764073372
37.5Hz11kN,CNN-BiLSTM,323,0.10558881042975385,0.05627838149666786
37.5Hz11kN,CNN-BiLSTM,324,0.1277673987029126,0.057415254414081573
37.5Hz11kN,CNN-BiLSTM,325,0.12950631519331107,0.06070980429649353
37.5Hz11kN,CNN-BiLSTM,326,0.10863854111970886,0.06374505162239075
37.5Hz11kN,CNN-BiLSTM,327,0.10055925553050943,0.06404709815979004
37.5Hz11kN,CNN-BiLSTM,328,0.07582585478600412,0.05604546517133713
40Hz10kN,Random Forest,0,0.8613102651004638,0.8475760915738657
40Hz10kN,Random Forest,1,0.8283314696759131,0.7470846850717767
40Hz10kN,Random Forest,2,0.7959244235337496,0.7100803666528788
40Hz10kN,Random Forest,3,0.787087347537326,0.6208085328699765
40Hz10kN,Random Forest,4,0.7813947147973304,0.577271343288828
40Hz10kN,Random Forest,5,0.7922478558690503,0.5634497137639707
40Hz10kN,Random Forest,6,0.8049955108889619,0.6147870329904047
40Hz10kN,Random Forest,7,0.8173761455563753,0.6258806971720923
40Hz10kN,Random Forest,8,0.8195347342831385,0.6354166788259091
40Hz10kN,Random Forest,9,0.8168912850874545,0.6274978149459791
40Hz10kN,Random Forest,10,0.8030105256355042,0.6150693824694515
40Hz10kN,Random Forest,11,0.7874813558473672,0.6161060288510118
40Hz10kN,Random Forest,12,0.7691191697535913,0.5763887683181153
40Hz10kN,Random Forest,13,0.7503388970438308,0.5436555709888587
40Hz10kN,Random Forest,14,0.7352087585577834,0.528798982688224
40Hz10kN,Random Forest,15,0.728434413246678,0.5074867244874738
40Hz10kN,Random Forest,16,0.7233805337030123,0.4958756652193185
40Hz10kN,Random Forest,17,0.7107498439252973,0.484975489336439
40Hz10kN,Random Forest,18,0.6958289700775957,0.4574966342885144
40Hz10kN,Random Forest,19,0.6794235240118972,0.45830090216229985
40Hz10kN,Random Forest,20,0.6579877480235764,0.43008422923377954
40Hz10kN,Random Forest,21,0.6360123699383988,0.3985139504637414
40Hz10kN,Random Forest,22,0.6263866523738807,0.39953998685942177
40Hz10kN,Random Forest,23,0.6181968976540976,0.3947026748679301
40Hz10kN,Random Forest,24,0.6145699776713913,0.3906100808937254
40Hz10kN,Random Forest,25,0.6156548197287766,0.3710448087791342
40Hz10kN,Random Forest,26,0.6120970549823068,0.3403981675715829
40Hz10kN,Random Forest,27,0.6074822838960886,0.33699324730394864
40Hz10kN,Random Forest,28,0.6028064156195204,0.3595280293661583
40Hz10kN,Random Forest,29,0.5944965910215891,0.3664838059634815
40Hz10kN,Random Forest,30,0.5851450761850346,0.3977749001589816
40Hz10kN,Random Forest,31,0.5811036856211812,0.4214300799171737
40Hz10kN,Random Forest,32,0.5776821542421214,0.38600360324706723
40Hz10kN,Random Forest,33,0.5744315745061397,0.3703289723190582
40Hz10kN,Random Forest,34,0.5715593812515442,0.35713449208966747
40Hz10kN,Random Forest,35,0.5734817759297821,0.3638576138494112
40Hz10kN,Random Forest,36,0.5789226195366968,0.3841311687449138
40Hz10kN,Random Forest,37,0.5913104284171851,0.38708867901483085
40Hz10kN,Random Forest,38,0.6058265982507643,0.402211150363173
40Hz10kN,Random Forest,39,0.6199722044507741,0.388801080846231
40Hz10kN,Random Forest,40,0.6315034543458757,0.41114253475388546
40Hz10kN,Random Forest,41,0.6385202119023139,0.4161674632854845
40Hz10kN,Random Forest,42,0.6390106051669755,0.4166602524164344
40Hz10kN,Random Forest,43,0.6372773483441068,0.3937430114117593
40Hz10kN,Random Forest,44,0.6361809483807356,0.3798956806272339
40Hz10kN,Random Forest,45,0.6329540916332503,0.38673788985338436
40Hz10kN,Random Forest,46,0.6311117097393635,0.36779127655432514
40Hz10kN,Random Forest,47,0.6279874195128103,0.3813443474078896
40Hz10kN,Random Forest,48,0.624640997262486,0.37651567520851187
40Hz10kN,Random Forest,49,0.6219595159103867,0.36311043740042026
40Hz10kN,Random Forest,50,0.6221120519270655,0.34922632449416674
40Hz10kN,Random Forest,51,0.6227586075962603,0.3550206580814425
40Hz10kN,Random Forest,52,0.6232571824335696,0.3497584809072955
40Hz10kN,Random Forest,53,0.6251880667705519,0.34590596129923795
40Hz10kN,Random Forest,54,0.6270064795933312,0.3352566295966419
40Hz10kN,Random Forest,55,0.6286509088425678,0.34492581088442625
40Hz10kN,Random Forest,56,0.6306778216970171,0.35526494431240924
40Hz10kN,Random Forest,57,0.6334442398701248,0.3635000815468744
40Hz10kN,Random Forest,58,0.6363400855090167,0.38336524779293546
40Hz10kN,Random Forest,59,0.6156641556982663,0.3533508309175553
40Hz10kN,Random Forest,60,0.5849298521010036,0.35480044867436916
40Hz10kN,Random Forest,61,0.5441408502152644,0.32893254041482406
40Hz10kN,Random Forest,62,0.49942855097908734,0.3297369334808134
40Hz10kN,Random Forest,63,0.45080068041631627,0.3217762742257301
40Hz10kN,Random Forest,64,0.4253444619012692,0.3325674822494943
40Hz10kN,Random Forest,65,0.43857087286186236,0.33997095968738766
40Hz10kN,Random Forest,66,0.45861385170270924,0.3433414232496446
40Hz10kN,Random Forest,67,0.48720338659530693,0.3764066091280496
40Hz10kN,Random Forest,68,0.5160012910666654,0.38951474349014814
40Hz10kN,Random Forest,69,0.5452633200052797,0.40240720792996226
40Hz10kN,Random Forest,70,0.5375553848808773,0.41120359730792555
40Hz10kN,Random Forest,71,0.5327222807652141,0.439519646607245
40Hz10kN,Random Forest,72,0.5429105833256587,0.4205266441732765
40Hz10kN,Random Forest,73,0.5463871238642175,0.43539818848246464
40Hz10kN,Random Forest,74,0.5312898780998205,0.4256332432494666
40Hz10kN,Random Forest,75,0.5201029910502781,0.41309652409087455
40Hz10kN,Random Forest,76,0.5075833788472143,0.37537979260985826
40Hz10kN,Random Forest,77,0.47864959317755335,0.34898747619492515
40Hz10kN,Random Forest,78,0.4590017439883655,0.3713855858273805
40Hz10kN,Random Forest,79,0.45377228486233445,0.39844699325522903
40Hz10kN,Random Forest,80,0.44840225268632333,0.39466544432647743
40Hz10kN,Random Forest,81,0.43225845700050786,0.3885376078906951
40Hz10kN,Random Forest,82,0.40170260577552597,0.38091788201163024
40Hz10kN,Random Forest,83,0.37027541155026655,0.40283275945073943
40Hz10kN,Random Forest,84,0.33801235810474595,0.39708708144409577
40Hz10kN,Random Forest,85,0.3055731515668067,0.4196094648913401
40Hz10kN,Random Forest,86,0.2723104741990333,0.4135907510347729
40Hz10kN,Random Forest,87,0.24820347567830706,0.4336622755936021
40Hz10kN,Random Forest,88,0.21861905523296085,0.43883724648102496
40Hz10kN,Random Forest,89,0.19370163404402047,0.44716374949110654
40Hz10kN,Random Forest,90,0.1713588088380804,0.45957515909610325
40Hz10kN,Random Forest,91,0.16144535583769976,0.47122510781400234
40Hz10kN,Random Forest,92,0.15476676548666388,0.47351991647810887
40Hz10kN,Random Forest,93,0.15105353456782872,0.4692867324983948
40Hz10kN,Random Forest,94,0.14854123526002747,0.46220775647134943
40Hz10kN,Random Forest,95,0.1453977479662056,0.46716730751856933
40Hz10kN,Random Forest,96,0.141536047623434,0.45832451411750097
40Hz10kN,Random Forest,97,0.13340915564059155,0.46529799673670835
40Hz10kN,Random Forest,98,0.12458433790706162,0.4664680989828623
40Hz10kN,Random Forest,99,0.11472190609890853,0.4748453182921088
40Hz10kN,Random Forest,100,0.10257023876872091,0.464038576456483
40Hz10kN,Random Forest,101,0.07603314866122475,0.4653264671968496
40Hz10kN,Random Forest,102,0.0657559554560786,0.45903215194958924
40Hz10kN,Random Forest,103,0.05603899545313066,0.46450104069868725
40Hz10kN,BiLSTM,0,0.8613102651004638,0.8566733598709106
40Hz10kN,BiLSTM,1,0.8283314696759131,0.7532029747962952
40Hz10kN,BiLSTM,2,0.7959244235337496,0.6584909558296204
40Hz10kN,BiLSTM,3,0.787087347537326,0.562136173248291
40Hz10kN,BiLSTM,4,0.7813947147973304,0.5108157992362976
40Hz10kN,BiLSTM,5,0.7922478558690503,0.469668984413147
40Hz10kN,BiLSTM,6,0.8049955108889619,0.47538742423057556
40Hz10kN,BiLSTM,7,0.8173761455563753,0.48420655727386475
40Hz10kN,BiLSTM,8,0.8195347342831385,0.4839570224285126
40Hz10kN,BiLSTM,9,0.8168912850874545,0.47557398676872253
40Hz10kN,BiLSTM,10,0.8030105256355042,0.46473297476768494
40Hz10kN,BiLSTM,11,0.7874813558473672,0.47027185559272766
40Hz10kN,BiLSTM,12,0.7691191697535913,0.47144052386283875
40Hz10kN,BiLSTM,13,0.7503388970438308,0.43435344099998474
40Hz10kN,BiLSTM,14,0.7352087585577834,0.41913601756095886
40Hz10kN,BiLSTM,15,0.728434413246678,0.3972066044807434
40Hz10kN,BiLSTM,16,0.7233805337030123,0.36860495805740356
40Hz10kN,BiLSTM,17,0.7107498439252973,0.34646809101104736
40Hz10kN,BiLSTM,18,0.6958289700775957,0.32955434918403625
40Hz10kN,BiLSTM,19,0.6794235240118972,0.31290021538734436
40Hz10kN,BiLSTM,20,0.6579877480235764,0.25472086668014526
40Hz10kN,BiLSTM,21,0.6360123699383988,0.2105400264263153
40Hz10kN,BiLSTM,22,0.6263866523738807,0.17265023291110992
40Hz10kN,BiLSTM,23,0.6181968976540976,0.14706850051879883
40Hz10kN,BiLSTM,24,0.6145699776713913,0.1286047250032425
40Hz10kN,BiLSTM,25,0.6156548197287766,0.12068410962820053
40Hz10kN,BiLSTM,26,0.6120970549823068,0.11426100879907608
40Hz10kN,BiLSTM,27,0.6074822838960886,0.11283377557992935
40Hz10kN,BiLSTM,28,0.6028064156195204,0.11041990667581558
40Hz10kN,BiLSTM,29,0.5944965910215891,0.10312341898679733
40Hz10kN,BiLSTM,30,0.5851450761850346,0.1024940088391304
40Hz10kN,BiLSTM,31,0.5811036856211812,0.10155821591615677
40Hz10kN,BiLSTM,32,0.5776821542421214,0.10125383734703064
40Hz10kN,BiLSTM,33,0.5744315745061397,0.09981250017881393
40Hz10kN,BiLSTM,34,0.5715593812515442,0.09909936785697937
40Hz10kN,BiLSTM,35,0.5734817759297821,0.09863067418336868
40Hz10kN,BiLSTM,36,0.5789226195366968,0.09795757383108139
40Hz10kN,BiLSTM,37,0.5913104284171851,0.09936586022377014
40Hz10kN,BiLSTM,38,0.6058265982507643,0.1008211225271225
40Hz10kN,BiLSTM,39,0.6199722044507741,0.1025303527712822
40Hz10kN,BiLSTM,40,0.6315034543458757,0.1082741767168045
40Hz10kN,BiLSTM,41,0.6385202119023139,0.11410920321941376
40Hz10kN,BiLSTM,42,0.6390106051669755,0.11713087558746338
40Hz10kN,BiLSTM,43,0.6372773483441068,0.11559031903743744
40Hz10kN,BiLSTM,44,0.6361809483807356,0.11891546100378036
40Hz10kN,BiLSTM,45,0.6329540916332503,0.12132229655981064
40Hz10kN,BiLSTM,46,0.6311117097393635,0.12707428634166718
40Hz10kN,BiLSTM,47,0.6279874195128103,0.13105037808418274
40Hz10kN,BiLSTM,48,0.624640997262486,0.130849689245224
40Hz10kN,BiLSTM,49,0.6219595159103867,0.12879233062267303
40Hz10kN,BiLSTM,50,0.6221120519270655,0.12700557708740234
40Hz10kN,BiLSTM,51,0.6227586075962603,0.12984469532966614
40Hz10kN,BiLSTM,52,0.6232571824335696,0.12969115376472473
40Hz10kN,BiLSTM,53,0.6251880667705519,0.132220059633255
40Hz10kN,BiLSTM,54,0.6270064795933312,0.12647344172000885
40Hz10kN,BiLSTM,55,0.6286509088425678,0.12446203827857971
40Hz10kN,BiLSTM,56,0.6306778216970171,0.12513215839862823
40Hz10kN,BiLSTM,57,0.6334442398701248,0.12374068051576614
40Hz10kN,BiLSTM,58,0.6363400855090167,0.12363556027412415
40Hz10kN,BiLSTM,59,0.6156641556982663,0.12644316256046295
40Hz10kN,BiLSTM,60,0.5849298521010036,0.12679383158683777
40Hz10kN,BiLSTM,61,0.5441408502152644,0.12423191964626312
40Hz10kN,BiLSTM,62,0.49942855097908734,0.10449636727571487
40Hz10kN,BiLSTM,63,0.45080068041631627,0.09141772240400314
40Hz10kN,BiLSTM,64,0.4253444619012692,0.08145873248577118
40Hz10kN,BiLSTM,65,0.43857087286186236,0.0745316594839096
40Hz10kN,BiLSTM,66,0.45861385170270924,0.07155263423919678
40Hz10kN,BiLSTM,67,0.48720338659530693,0.06914468109607697
40Hz10kN,BiLSTM,68,0.5160012910666654,0.07332275807857513
40Hz10kN,BiLSTM,69,0.5452633200052797,0.07393445819616318
40Hz10kN,BiLSTM,70,0.5375553848808773,0.0769151896238327
40Hz10kN,BiLSTM,71,0.5327222807652141,0.07775328308343887
40Hz10kN,BiLSTM,72,0.5429105833256587,0.07938272505998611
40Hz10kN,BiLSTM,73,0.5463871238642175,0.07741036266088486
40Hz10kN,BiLSTM,74,0.5312898780998205,0.0790826603770256
40Hz10kN,BiLSTM,75,0.5201029910502781,0.08395858108997345
40Hz10kN,BiLSTM,76,0.5075833788472143,0.08287913352251053
40Hz10kN,BiLSTM,77,0.47864959317755335,0.07704538106918335
40Hz10kN,BiLSTM,78,0.4590017439883655,0.07457289099693298
40Hz10kN,BiLSTM,79,0.45377228486233445,0.07220467925071716
40Hz10kN,BiLSTM,80,0.44840225268632333,0.07138355821371078
40Hz10kN,BiLSTM,81,0.43225845700050786,0.07007353007793427
40Hz10kN,BiLSTM,82,0.40170260577552597,0.06900910288095474
40Hz10kN,BiLSTM,83,0.37027541155026655,0.06956988573074341
40Hz10kN,BiLSTM,84,0.33801235810474595,0.06793323904275894
40Hz10kN,BiLSTM,85,0.3055731515668067,0.06612420827150345
40Hz10kN,BiLSTM,86,0.2723104741990333,0.06475602835416794
40Hz10kN,BiLSTM,87,0.24820347567830706,0.06450113654136658
40Hz10kN,BiLSTM,88,0.21861905523296085,0.0639987513422966
40Hz10kN,BiLSTM,89,0.19370163404402047,0.06291195750236511
40Hz10kN,BiLSTM,90,0.1713588088380804,0.06202522665262222
40Hz10kN,BiLSTM,91,0.16144535583769976,0.06134376674890518
40Hz10kN,BiLSTM,92,0.15476676548666388,0.06074652075767517
40Hz10kN,BiLSTM,93,0.15105353456782872,0.06006130203604698
40Hz10kN,BiLSTM,94,0.14854123526002747,0.05989508330821991
40Hz10kN,BiLSTM,95,0.1453977479662056,0.059821102768182755
40Hz10kN,BiLSTM,96,0.141536047623434,0.05913233384490013
40Hz10kN,BiLSTM,97,0.13340915564059155,0.058956392109394073
40Hz10kN,BiLSTM,98,0.12458433790706162,0.0585152804851532
40Hz10kN,BiLSTM,99,0.11472190609890853,0.05860477313399315
40Hz10kN,BiLSTM,100,0.10257023876872091,0.05817059800028801
40Hz10kN,BiLSTM,101,0.07603314866122475,0.058026231825351715
40Hz10kN,BiLSTM,102,0.0657559554560786,0.057778388261795044
40Hz10kN,BiLSTM,103,0.05603899545313066,0.05745241418480873
40Hz10kN,CNN-BiLSTM,0,0.8613102651004638,0.9501435160636902
40Hz10kN,CNN-BiLSTM,1,0.8283314696759131,0.8670316934585571
40Hz10kN,CNN-BiLSTM,2,0.7959244235337496,0.775066614151001
40Hz10kN,CNN-BiLSTM,3,0.787087347537326,0.7220498323440552
40Hz10kN,CNN-BiLSTM,4,0.7813947147973304,0.6405316591262817
40Hz10kN,CNN-BiLSTM,5,0.7922478558690503,0.5657381415367126
40Hz10kN,CNN-BiLSTM,6,0.8049955108889619,0.5518836379051208
40Hz10kN,CNN-BiLSTM,7,0.8173761455563753,0.5573476552963257
40Hz10kN,CNN-BiLSTM,8,0.8195347342831385,0.5520655512809753
40Hz10kN,CNN-BiLSTM,9,0.8168912850874545,0.5282456874847412
40Hz10kN,CNN-BiLSTM,10,0.8030105256355042,0.47817471623420715
40Hz10kN,CNN-BiLSTM,11,0.7874813558473672,0.4662553369998932
40Hz10kN,CNN-BiLSTM,12,0.7691191697535913,0.4775071144104004
40Hz10kN,CNN-BiLSTM,13,0.7503388970438308,0.47929641604423523
40Hz10kN,CNN-BiLSTM,14,0.7352087585577834,0.4980720579624176
40Hz10kN,CNN-BiLSTM,15,0.728434413246678,0.4884171187877655
40Hz10kN,CNN-BiLSTM,16,0.7233805337030123,0.45693424344062805
40Hz10kN,CNN-BiLSTM,17,0.7107498439252973,0.41596072912216187
40Hz10kN,CNN-BiLSTM,18,0.6958289700775957,0.3983205556869507
40Hz10kN,CNN-BiLSTM,19,0.6794235240118972,0.3870508670806885
40Hz10kN,CNN-BiLSTM,20,0.6579877480235764,0.3423139154911041
40Hz10kN,CNN-BiLSTM,21,0.6360123699383988,0.3098877966403961
40Hz10kN,CNN-BiLSTM,22,0.6263866523738807,0.27365002036094666
40Hz10kN,CNN-BiLSTM,23,0.6181968976540976,0.26380783319473267
40Hz10kN,CNN-BiLSTM,24,0.6145699776713913,0.2495562583208084
40Hz10kN,CNN-BiLSTM,25,0.6156548197287766,0.2424718141555786
40Hz10kN,CNN-BiLSTM,26,0.6120970549823068,0.23726558685302734
40Hz10kN,CNN-BiLSTM,27,0.6074822838960886,0.2355036735534668
40Hz10kN,CNN-BiLSTM,28,0.6028064156195204,0.2266509085893631
40Hz10kN,CNN-BiLSTM,29,0.5944965910215891,0.21450477838516235
40Hz10kN,CNN-BiLSTM,30,0.5851450761850346,0.21190904080867767
40Hz10kN,CNN-BiLSTM,31,0.5811036856211812,0.1963443160057068
40Hz10kN,CNN-BiLSTM,32,0.5776821542421214,0.19889983534812927
40Hz10kN,CNN-BiLSTM,33,0.5744315745061397,0.1949567198753357
40Hz10kN,CNN-BiLSTM,34,0.5715593812515442,0.1994868516921997
40Hz10kN,CNN-BiLSTM,35,0.5734817759297821,0.19838061928749084
40Hz10kN,CNN-BiLSTM,36,0.5789226195366968,0.1966680884361267
40Hz10kN,CNN-BiLSTM,37,0.5913104284171851,0.1996738463640213
40Hz10kN,CNN-BiLSTM,38,0.6058265982507643,0.1954224556684494
40Hz10kN,CNN-BiLSTM,39,0.6199722044507741,0.20127978920936584
40Hz10kN,CNN-BiLSTM,40,0.6315034543458757,0.20326438546180725
40Hz10kN,CNN-BiLSTM,41,0.6385202119023139,0.20490865409374237
40Hz10kN,CNN-BiLSTM,42,0.6390106051669755,0.20976077020168304
40Hz10kN,CNN-BiLSTM,43,0.6372773483441068,0.2060191035270691
40Hz10kN,CNN-BiLSTM,44,0.6361809483807356,0.21204392611980438
40Hz10kN,CNN-BiLSTM,45,0.6329540916332503,0.21174046397209167
40Hz10kN,CNN-BiLSTM,46,0.6311117097393635,0.22801823914051056
40Hz10kN,CNN-BiLSTM,47,0.6279874195128103,0.24005281925201416
40Hz10kN,CNN-BiLSTM,48,0.624640997262486,0.24160894751548767
40Hz10kN,CNN-BiLSTM,49,0.6219595159103867,0.23886056244373322
40Hz10kN,CNN-BiLSTM,50,0.6221120519270655,0.2315746545791626
40Hz10kN,CNN-BiLSTM,51,0.6227586075962603,0.23348122835159302
40Hz10kN,CNN-BiLSTM,52,0.6232571824335696,0.23733565211296082
40Hz10kN,CNN-BiLSTM,53,0.6251880667705519,0.24720756709575653
40Hz10kN,CNN-BiLSTM,54,0.6270064795933312,0.23484863340854645
40Hz10kN,CNN-BiLSTM,55,0.6286509088425678,0.2322690635919571
40Hz10kN,CNN-BiLSTM,56,0.6306778216970171,0.2262837290763855
40Hz10kN,CNN-BiLSTM,57,0.6334442398701248,0.2287379950284958
40Hz10kN,CNN-BiLSTM,58,0.6363400855090167,0.23100505769252777
40Hz10kN,CNN-BiLSTM,59,0.6156641556982663,0.23198100924491882
40Hz10kN,CNN-BiLSTM,60,0.5849298521010036,0.23412767052650452
40Hz10kN,CNN-BiLSTM,61,0.5441408502152644,0.22332830727100372
40Hz10kN,CNN-BiLSTM,62,0.49942855097908734,0.21384496986865997
40Hz10kN,CNN-BiLSTM,63,0.45080068041631627,0.209533229470253
40Hz10kN,CNN-BiLSTM,64,0.4253444619012692,0.19829243421554565
40Hz10kN,CNN-BiLSTM,65,0.43857087286186236,0.1914503127336502
40Hz10kN,CNN-BiLSTM,66,0.45861385170270924,0.18958483636379242
40Hz10kN,CNN-BiLSTM,67,0.48720338659530693,0.18433915078639984
40Hz10kN,CNN-BiLSTM,68,0.5160012910666654,0.19304269552230835
40Hz10kN,CNN-BiLSTM,69,0.5452633200052797,0.18943572044372559
40Hz10kN,CNN-BiLSTM,70,0.5375553848808773,0.19331000745296478
40Hz10kN,CNN-BiLSTM,71,0.5327222807652141,0.1843014806509018
40Hz10kN,CNN-BiLSTM,72,0.5429105833256587,0.1874357908964157
40Hz10kN,CNN-BiLSTM,73,0.5463871238642175,0.18052831292152405
40Hz10kN,CNN-BiLSTM,74,0.5312898780998205,0.17697523534297943
40Hz10kN,CNN-BiLSTM,75,0.5201029910502781,0.1781398355960846
40Hz10kN,CNN-BiLSTM,76,0.5075833788472143,0.17552301287651062
40Hz10kN,CNN-BiLSTM,77,0.47864959317755335,0.18586988747119904
40Hz10kN,CNN-BiLSTM,78,0.4590017439883655,0.18020141124725342
40Hz10kN,CNN-BiLSTM,79,0.45377228486233445,0.1816212683916092
40Hz10kN,CNN-BiLSTM,80,0.44840225268632333,0.17524012923240662
40Hz10kN,CNN-BiLSTM,81,0.43225845700050786,0.17350411415100098
40Hz10kN,CNN-BiLSTM,82,0.40170260577552597,0.16849328577518463
40Hz10kN,CNN-BiLSTM,83,0.37027541155026655,0.16455988585948944
40Hz10kN,CNN-BiLSTM,84,0.33801235810474595,0.16177286207675934
40Hz10kN,CNN-BiLSTM,85,0.3055731515668067,0.15708699822425842
40Hz10kN,CNN-BiLSTM,86,0.2723104741990333,0.15154840052127838
40Hz10kN,CNN-BiLSTM,87,0.24820347567830706,0.15166443586349487
40Hz10kN,CNN-BiLSTM,88,0.21861905523296085,0.15139299631118774
40Hz10kN,CNN-BiLSTM,89,0.19370163404402047,0.15280500054359436
40Hz10kN,CNN-BiLSTM,90,0.1713588088380804,0.15302804112434387
40Hz10kN,CNN-BiLSTM,91,0.16144535583769976,0.1528603434562683
40Hz10kN,CNN-BiLSTM,92,0.15476676548666388,0.15368227660655975
40Hz10kN,CNN-BiLSTM,93,0.15105353456782872,0.15204106271266937
40Hz10kN,CNN-BiLSTM,94,0.14854123526002747,0.15178079903125763
40Hz10kN,CNN-BiLSTM,95,0.1453977479662056,0.15081806480884552
40Hz10kN,CNN-BiLSTM,96,0.141536047623434,0.1499115228652954
40Hz10kN,CNN-BiLSTM,97,0.13340915564059155,0.1483028531074524
40Hz10kN,CNN-BiLSTM,98,0.12458433790706162,0.14721037447452545
40Hz10kN,CNN-BiLSTM,99,0.11472190609890853,0.14786334335803986
40Hz10kN,CNN-BiLSTM,100,0.10257023876872091,0.14774659276008606
40Hz10kN,CNN-BiLSTM,101,0.07603314866122475,0.14954033493995667
40Hz10kN,CNN-BiLSTM,102,0.0657559554560786,0.14970405399799347
40Hz10kN,CNN-BiLSTM,103,0.05603899545313066,0.1505422294139862
